name,price,socket,ram_type,ram_slots_count
MSI B550-A Pro,9799,18,2,4
ASRock 970 PRO3 R2.0 GL/SATA600/R/USB3.0 970,0,13,1,4
ASRock A88M-G/3.1 A88X,0,16,1,4
ASRock B250 Pro4,0,6,2,4
ASRock B360 Pro4,7017,6,2,4
ASRock B360M Pro4,5459,6,2,4
ASRock B360M-ITX/AC,6859,6,2,2
ASRock B650 PG Lightning,13999,22,3,4
ASRock B650 Pro RS,14909,22,3,4
ASRock B650M PG Riptide,14069,22,3,4
ASRock Fatal1ty B250M Performance,6999,6,2,4
ASRock Fatal1ty X399 Professional Gaming,27999,19,2,8
ASRock FM2A88M Pro3+,0,16,1,4
ASRock H110M-HDS,3639,6,2,2
ASRock H110M-ITX/ac,0,6,2,2
ASRock X299 Gaming K6,13999,7,2,8
ASRock X399 Taichi,20789,19,2,8
"ASRock X570 Taichi, AMD X570",15329,18,2,4
ASRock Z270 Killer SLI,8959,6,2,4
ASRock Z270 Pro4,0,6,2,4
ASRock Z270M Pro4,8724,6,2,4
ASRock Z270M-ITX/ac,8494,6,2,2
ASRock Z370 Pro4,9432,6,2,4
ASRock Z370M Pro4,6859,6,2,4
ASRock Z390 Extreme 4,10149,6,2,4
ASRock Z390 Taichi,13719,6,2,4
ASRock Z790 PG Lightning,14699,9,3,4
ASUS 970 Pro Gaming/Aura,0,13,1,4
ASUS A88X-Pro SATA600/R/eSATA/USB3.0/DVI/HDMI/VGA/DP A88X,0,16,1,4
ASUS B150I-PRO Gaming/Aura USB3.0/M.2/HDMI/DVI Mini-ITX,0,6,2,2
ASUS B150M-A GL/USB3.1/SATA600/HDMI/VGA/DVI B150,0,6,2,4
ASUS B150M-A/M.2 USB3.1/M.2/HDMI/VGA/DVI B150,5493,6,2,4
ASUS B365-PLUS,0,6,2,4
ASUS MAXIMUS VIII Impact USB3.1/SATA600/U.2/WIFI/BT/HDMI Mini-ITX,0,6,2,2
ASUS Maximus VIII RANGER,0,6,2,4
ASUS PRIME B250M-A,5250,6,2,4
ASUS PRIME B250M-C,0,6,2,4
ASUS Prime B660-Plus D4,0,9,2,4
ASUS Prime B660M-A D4,0,9,2,4
ASUS Prime B660M-A WiFi D4,0,9,2,4
ASUS Prime H670-Plus D4,0,9,2,4
ASUS PRIME Z270-P,0,6,2,4
ASUS PRIME Z270M-PLUS,0,6,2,4
Asus PRIME Z270M-PLUS,9187,6,2,4
ASUS PRIME Z490-P,0,8,2,4
ASUS PRIME Z490M-PLUS,0,8,2,4
ASUS PRIME Z690-P,0,9,3,4
ASUS PRIME Z690-P D4,0,9,2,4
ASUS PRIME Z690-P WIFI,11448,9,3,4
ASUS PRIME Z690-P WIFI D4,12669,9,2,4
Asus ROG RAMPAGE VI EXTREME,37099,7,2,8
ASUS ROG STRIX B660-A Gaming WiFi,0,9,3,4
ASUS ROG Zenith Extreme,40389,19,2,8
ASUS Strix B365-F Gaming,0,6,2,4
ASUS Strix B365-G Gaming,0,6,2,4
"ASUS STRIX Z270G Gaming, RoG",2216,6,2,4
ASUS TUF B365M-Plus Gaming,0,6,2,4
ASUS TUF Gaming B660-Plus WiFi D4,0,9,2,4
ASUS TUF Gaming B660M-Plus WiFi,0,9,3,4
ASUS TUF Gaming H670-Pro WiFi D4,0,9,2,4
ASUS TUF GAMING Z690-PLUS WIFI D4,17075,9,2,4
Asus TUF X299 MARK 1,23420,7,2,8
ASUS Z170-P,0,6,2,4
Gigabyte Aorus X299-Gaming,9006,7,2,4
Gigabyte Aorus X399 Gaming 7,23449,19,2,8
Gigabyte Aorus Z270X-Gaming 5,13649,6,2,4
Gigabyte Aorus Z270X-Gaming 9,8399,6,2,4
Gigabyte B250M-DS3H,4899,6,2,4
Gigabyte B360 HD3,6439,6,2,4
Gigabyte B360M Aorus Gaming 3,0,6,2,4
Gigabyte B360M D3H,5599,6,2,4
Gigabyte B360M DS3H,4479,6,2,4
Gigabyte B365 M Aorus Elite,0,6,2,4
Gigabyte B365M DS3H,4899,6,2,4
Gigabyte B365M H,0,6,2,4
"Gigabyte B450 Aorus M, AMD B450",4899,18,2,4
GIGABYTE B650M AORUS Elite AX (rev. 1.1),0,22,3,4
GIGABYTE B650M DS3H,10499,22,3,4
Gigabyte F2A88XN-WIFI,22440,16,1,2
Gigabyte GA-B150M-DS3H GL/USB3.0/M.2/HDMI/DVI/VGA,5609,6,2,4
Gigabyte GA-F2A68HM-DS2 GL/SATA600/R/DVI/VGA/USB3.0 A68H,0,16,1,2
Gigabyte H270M-DS3H,6641,6,2,4
Gigabyte Q270M-D3H,4150,6,2,4
"Gigabyte X570 Aorus Elite, AMD X570",8329,18,2,4
"Gigabyte X570 Aorus Pro, AMD X570",17499,18,2,4
"Gigabyte X570 Gaming X, AMD X570",7699,18,2,4
"Gigabyte X570 I Aorus Pro WiFi, AMD X570",10149,18,2,2
Gigabyte Z170-Gaming K3,0,6,2,4
Gigabyte Z270-Gaming K3,13999,6,2,4
Gigabyte Z270-HD3P,7735,6,2,4
Gigabyte Z270M-D3P,0,6,2,4
Gigabyte Z270X-Ultra Gaming,8399,6,2,4
Gigabyte Z270XP-SLI,9799,6,2,4
Gigabyte Z370 PD3,0,6,2,4
Gigabyte Z390 I Aorus Pro WiFi,11549,6,2,2
Gigabyte Z390 UD,5949,6,2,4
Gigabyte Z490 Aorus Elite,0,8,2,4
Gigabyte Z490 Aorus Elite AC,0,8,2,4
Gigabyte Z490 Vision G,0,8,2,4
Gigabyte Z490I Aorus Ultra,0,8,2,2
Gigabyte Z690 Aorus Elite DDR4,0,9,2,4
Gigabyte Z690 Aorus Master,31289,9,3,4
Gigabyte Z690 Aorus Pro,16799,9,3,4
Gigabyte Z690 UD AX,0,9,3,4
MSI 970A SLI Krait Edition,0,13,1,4
MSI 970A-G43,0,13,1,4
MSI A68HM Grenade,0,16,1,2
MSI B150M Bazooka,0,6,2,4
MSI B150M Mortar,0,6,2,4
MSI B250M Bazooka,0,6,2,4
MSI B250M Mortar,0,6,2,4
MSI B250M Pro-VDH,0,6,2,4
MSI B350 Tomahawk,6999,18,2,4
MSI B360M Mortar,6999,6,2,4
"MSI B365M Pro-VDH, socket 1151",0,6,2,4
"MSI B450 Gaming Plus Max, AMD B450",6999,18,2,4
MSI B450 Tomahawk,6439,18,2,4
MSI B450 Tomahawk Max,8049,18,2,4
MSI B450-A Pro,6299,18,2,4
MSI B450I Gaming Plus AC,8536,18,2,4
MSI B450M Bazooka,5389,18,2,4
MSI B450M Bazooka Plus,0,18,2,4
MSI B450M Mortar,0,18,2,4
"MSI B450M Mortar Max, AMD B450-, socket AM4",0,18,2,4
MSI B450M Mortar Titanium,0,18,2,4
"MSI B450M Pro-VDH Max, AMD B450-, socket AM4",5249,18,2,4
MSI H110M Pro-VD,0,6,2,2
MSI H270M Mortar ARCTIC,0,6,2,4
"MSI MAG B365M Mortar, socket 1151",0,6,2,4
MSI MAG B660M MORTAR WIFI DDR4,12599,9,2,4
MSI MAG X570 Tomahawk WiFi,0,18,2,4
MSI MAG Z690 Tomahawk WiFi,0,9,3,4
MSI MAG Z690 Tomahawk WiFi DDR4,0,9,2,4
MSI MAG Z690 Torpedo,0,9,3,4
MSI MEG Z490 Unify,0,8,2,4
MSI PRO B660-A DDR4,10499,9,2,4
MSI Pro B760M-E DDR4,0,9,2,2
MSI Pro B760M-P DDR4,0,9,2,4
MSI Pro Z690-A,0,9,3,4
MSI Pro Z690-A DDR4,13299,9,2,4
MSI Pro Z690-A WiFi DDR4,0,9,2,4
MSI X399 Gaming Pro Carbon AC,16239,19,2,8
MSI Z170-A Pro,0,6,2,4
MSI Z170A Gaming M7,0,6,2,4
MSI Z170A PC Mate,0,6,2,4
MSI Z270 Gaming PLUS,0,6,2,4
MSI Z270 Gaming Pro Carbon,0,6,2,4
MSI Z270 KRAIT Gaming,0,6,2,4
MSI Z270 PC MATE,0,6,2,4
MSI Z270 SLI PLUS,0,6,2,4
MSI Z270 Tomahawk,0,6,2,4
MSI Z270 Xpower Gaming Titanium,0,6,2,4
MSI Z270-A Pro,0,6,2,4
MSI Z370 Gaming Plus,0,6,2,4
MSI Z370 SLI Plus,0,6,2,4
MSI Z370-A Pro,4409,6,2,4
MSI Z490I Unify,0,8,2,2
MSI Z490M Gaming Edge WiFi,0,8,2,4
ASRock 760GM-HDV,3919,13,1,2
ASRock 970 Extreme3 R2.0,0,13,1,4
ASRock 970 Extreme4,0,13,1,4
ASRock 970A-G/3.1 970,0,13,1,4
ASRock 970M Pro3,4549,13,1,4
ASRock 990FX Extreme3,0,13,1,4
ASRock 990FX Extreme6,0,13,1,4
ASRock A320M,3779,18,2,2
ASRock A320M Pro4,4549,18,2,4
ASRock A320M Pro4 R2.0,0,18,2,4
ASRock A320M Pro4-F,0,18,2,4
ASRock A320M-DGS,3499,18,2,2
ASRock A320M-HDV,3779,18,2,2
ASRock A520M Pro4,5249,18,2,4
ASRock A520M-HDV,4409,18,2,2
ASRock A520M-HVS,0,18,2,2
ASRock A520M-ITX/AC,7349,18,2,2
"ASRock AB350 Pro4 BTC, AMD B350",5809,18,2,4
ASRock AB350M,0,18,2,4
"ASRock AB350M Pro4, AMD B350",4199,18,2,4
ASRock AB350M-HDV,0,18,2,2
ASRock AB350M-HDV R3.0,0,18,2,2
"ASRock AB350M-HDV R4.0, AMD B350",0,18,2,2
ASRock AM1H-ITX,0,17,1,2
ASRock B150M-HDS,0,6,2,2
ASRock B250M Pro4,5917,6,2,4
ASRock B250M-HDV,4059,6,2,2
ASRock B360 Gaming K4 Fatal1ty,8399,6,2,4
ASRock B360M-HDV,5249,6,2,2
"ASRock B450 Gaming ITX/ac, AMD B450",9099,18,2,2
"ASRock B450 Gaming K4, AMD B450",6999,18,2,4
"ASRock B450 Pro 4, AMD B450",6299,18,2,4
ASRock B450 Steel Legend,0,18,2,4
"ASRock B450M Pro4, AMD B450",5809,18,2,4
ASRock B450M Pro4-F,4759,18,2,4
ASRock B450M-HDV,4549,18,2,2
"ASRock B450M-HDV R4.0, AMD B450",5039,18,2,2
ASRock B460 Phantom Gaming 4,6299,8,2,4
ASRock B460 Pro4,6999,8,2,4
ASRock B460 Steel Legend,8399,8,2,4
ASRock B460M Pro4,6509,8,2,4
ASRock B460M Steel Legend,8189,8,2,4
ASRock B460M-HDV,5249,8,2,2
ASRock B460M-ITX/ac,6649,8,2,2
ASRock B550 Extreme4,12949,18,2,4
ASRock B550 PG Riptide,0,18,2,4
ASRock B550 PG Velocita,8329,18,2,4
ASRock B550 Phantom Gaming 4,5949,18,2,4
ASRock B550 Phantom Gaming-ITX/ax,11689,18,2,2
ASRock B550 Pro4,6859,18,2,4
ASRock B550 Steel Legend,8959,18,2,4
ASRock B550 Taichi,11339,18,2,4
ASRock B550M Pro4,6859,18,2,4
ASRock B550M-HDV,5599,18,2,2
ASRock B550M-ITX/ac,9099,18,2,2
ASRock B560 Pro4,8609,8,2,4
ASRock B560 Steel Legend,10149,8,2,4
ASRock B560M Pro4,0,8,2,4
ASRock B560M Steel Legend,7699,8,2,4
ASRock B560M-HDV,0,8,2,2
ASRock B560M-ITX/ac,0,8,2,2
ASRock B650 Live Mixer,16099,22,3,4
ASRock B650E PG Riptide WIFI,16799,22,3,4
ASRock B650E PG-ITX WIFI,20299,22,3,4
ASRock B650E Steel Legend WIFI,18899,22,3,4
ASRock B650E Taichi,25899,22,3,4
ASRock B660 Pro RS,6789,9,2,4
ASRock B660 Steel Legend,8399,9,2,4
ASRock B660M Pro RS,7770,9,2,4
ASRock B660M Steel Legend,8959,9,2,4
ASRock B660M-HDV,5739,9,2,4
ASRock B660M-ITX/ac,7139,9,2,4
ASRock C236 WSI 2xLAN/SATA600/USB3.0/DP/HDMI/VGA Mini ITX,13299,6,2,2
ASRock C236M WS 2xLAN/SATA600/USB3.0/DP/HDMI/VGA,15642,6,2,4
ASRock E3V5 WS SATA600/USB3.0 C232,8399,6,2,4
ASRock Fatal1ty 990FX Killer,0,13,1,4
ASRock Fatal1ty 990FX Killer/3.1,0,13,1,4
ASRock Fatal1ty AB350 Gaming K4,7405,18,2,4
"ASRock Fatal1ty AB350 Gaming-ITX/ac, AMD B350",7993,18,2,2
ASRock Fatal1ty B250 Gaming K4,8416,6,2,4
ASRock Fatal1ty E3V5 Performance Gaming/OC,10009,6,2,4
ASRock Fatal1ty FM2A88X+ Killer,0,16,1,4
ASRock Fatal1ty H270 Performance,9825,6,2,4
ASRock Fatal1ty H270M Performance,9099,6,2,4
ASRock Fatal1ty X299 Professional Gaming i9 XE,31573,7,2,8
"ASRock Fatal1ty X370 Gaming-ITX/ac, AMD X370",5809,18,2,2
"ASRock Fatal1ty X470 Gaming-ITX/ac, AMD X470",7699,18,2,2
ASRock Fatal1ty Z170 Gaming K4,8399,6,2,4
ASRock Fatal1ty Z170 Gaming K6+,0,6,2,4
ASRock Fatal1ty Z270 Gaming K4,9799,6,2,4
ASRock Fatal1ty Z270 Gaming K6,0,6,2,4
ASRock Fatal1ty Z270 Gaming-ITX/ac,0,6,2,2
"ASRock Fatal1ty Z270 Professional Gaming i7, Intel Z270",0,6,2,4
ASRock Fatal1ty Z370 Gaming ITX/ac,11543,6,2,2
ASRock Fatal1ty Z370 Gaming K6,15400,6,2,4
ASRock Fatal1ty Z370 Professional Gaming i7,0,6,2,4
ASRock FM2A58+ BTC,0,16,1,4
ASRock FM2A88X Extreme4+,0,16,1,4
ASRock FM2A88X Extreme6+,0,16,1,4
ASRock FM2A88X+ BTC Bitcoin GL/SATA600/USB3.0/DVI/VGA,0,16,1,4
ASRock G41M-VS3 R2.0 IDE(PATA)/SATA/USB2.0/VGA G41 GMA X4500,0,0,1,2
ASRock H110 PRO BTC+,6999,6,2,2
ASRock H170 PRO4,6649,6,2,4
ASRock H170M PRO4,0,6,2,4
ASRock H170M-ITX/AC,0,6,2,2
ASRock H270 Pro 4,0,6,2,4
ASRock H270M Pro4,6930,6,2,4
ASRock H270M-ITX/ac,0,6,2,2
ASRock H310M-DGS,3834,6,2,2
ASRock H310M-HDV/M.2,5001,6,2,2
ASRock H310M-ITX/AC,7909,6,2,2
ASRock H370 Performance Fatal1ty,7349,6,2,4
ASRock H370 Pro4,6299,6,2,4
ASRock H370M Pro4,6691,6,2,4
ASRock H370M-ITX/AC,7699,6,2,2
ASRock H410M-HDV,4199,8,2,2
ASRock H410M-HDV/M.2,4549,8,2,2
ASRock H410M-HVS,0,8,2,2
ASRock H410M-ITX/ac,6299,8,2,2
ASRock H470 Phantom Gaming 4,6999,8,2,4
ASRock H470 Steel Legend,9799,8,2,4
ASRock H470M Pro4,7349,8,2,4
ASRock H470M-ITX/ac,8399,8,2,2
ASRock H510M-HDV,0,8,2,2
ASRock H510M-HDV/M.2,0,8,2,2
ASRock H510M-HVS,0,8,2,2
ASRock H510M-ITX/ac,0,8,2,2
ASRock H570 Phantom Gaming 4,6579,8,2,4
ASRock H570 Steel Legend,7419,8,2,4
ASRock H570M Pro4,8259,8,2,2
ASRock H570M-ITX/ac,8749,8,2,2
ASRock WRX80 Creator R2.0,60689,9,2,8
ASRock X299 Gaming i9,23799,7,2,8
ASRock X299 Killer SLI/ac,16099,7,2,8
ASRock X299 OC Formula,27999,7,2,4
ASRock X299 Taichi,20999,7,2,8
ASRock X299 Taichi XE,22609,7,2,8
ASRock X370 Gaming K4,0,18,2,4
ASRock X370 Killer SLI,8049,18,2,4
"ASRock X370 Professional Gaming, AMD X370",8329,18,2,4
"ASRock X370 Taichi, AMD X370",7699,18,2,4
"ASRock X470 Fatal1ty Gaming K4, AMD X470",10149,18,2,4
ASRock X470 Master SLI,9449,18,2,4
"ASRock X470 Taichi Ultimate, AMD X470",17849,18,2,4
"ASRock X470 Taichi, AMD X470",13719,18,2,4
"ASRock X570 Aqua, AMD X570",69999,18,2,4
"ASRock X570 Extreme4, AMD X570",14279,18,2,4
ASRock X570 PG Velocita,13999,18,2,4
"ASRock X570 Phantom Gaming 4, AMD X570",7419,18,2,4
"ASRock X570 Phantom Gaming X, AMD X570",23379,18,2,4
"ASRock X570 Phantom Gaming-ITX/TB3, AMD X570",16729,18,2,2
"ASRock X570 Pro4, AMD X570",11269,18,2,4
"ASRock X570 Steel Legend, AMD X570",10499,18,2,4
ASRock X570 Taichi Razer Edition,16519,18,2,4
"ASRock X570M Pro4, AMD X570",11129,18,2,4
ASRock X570S PG Riptide,12949,18,2,4
ASRock X670E PG Lightning,18199,22,3,4
ASRock X670E Pro RS,19599,22,3,4
ASRock X670E Steel Legend,0,22,3,4
ASRock X670E Taichi,34999,22,3,4
ASRock X670E Taichi Carrara,36399,22,3,4
ASRock Z170 Extreme4,0,6,2,4
ASRock Z170 Extreme6,0,6,2,4
ASRock Z170 Extreme6+,0,6,2,4
ASRock Z170 Extreme7+,13966,6,2,4
ASRock Z170 Gaming K6,0,6,2,4
ASRock Z170 Gaming-ITX/ac,0,6,2,2
ASRock Z170 OC Formula USB3.1/DP/HDMI/M.2/SATAe,14909,6,2,4
ASRock Z170 Pro4/D3 USB3.0/SATA600/DVI/HDMI/M.2/SATAe,0,6,1,4
ASRock Z170A-X1,4899,6,2,4
ASRock Z170M Pro4S USB3.0/SATA600/DVI/HDMI/M.2,0,6,2,4
ASRock Z170M-ITX/AC,0,6,2,2
ASRock Z270 Extreme4,11199,6,2,4
"ASRock Z270 SuperCarrier, Intel Z270",0,6,2,4
ASRock Z270 Taichi,11199,6,2,4
ASRock Z270M Extreme4,0,6,2,4
ASRock Z370 Extreme4,10517,6,2,4
ASRock Z370 Killer SLI,0,6,2,4
ASRock Z370 Taichi,11829,6,2,4
ASRock Z370M ITX/ac,9799,6,2,2
ASRock Z390 M Pro 4,8049,6,2,4
ASRock Z390 Phantom Gaming 4,8329,6,2,4
ASRock Z390 Phantom Gaming-ITX/AC,11339,6,2,2
ASRock Z390 Pro 4,7909,6,2,4
ASRock Z390 Taichi Ultimate,17849,6,2,4
ASRock Z390M-ITX/AC,10499,6,2,2
ASRock Z490 Aqua,72169,8,2,4
ASRock Z490 Extreme4,13299,8,2,4
ASRock Z490 PG Velocita,18199,8,2,4
ASRock Z490 Phantom Gaming 4,9799,8,2,4
ASRock Z490 Phantom Gaming 4/ac,0,8,2,4
ASRock Z490 Phantom Gaming-ITX/TB3,19599,8,2,2
ASRock Z490 Pro4,11899,8,2,4
ASRock Z490 Steel Legend,11549,8,2,4
ASRock Z490 Taichi,24569,8,2,4
ASRock Z490M Pro4,10499,8,2,4
ASRock Z490M-ITX/ac,11199,8,2,2
ASRock Z590 Extreme,7629,8,2,4
ASRock Z590 PG Velocita,8539,8,2,4
ASRock Z590 Phantom Gaming 4,5529,8,2,4
ASRock Z590 Pro4,4759,8,2,4
ASRock Z590 Steel Legend,6649,8,2,4
ASRock Z590 Taichi,17849,8,2,4
ASRock Z590M Phantom Gaming 4,9799,8,2,4
ASRock Z590M Pro4,6999,8,2,4
ASRock Z590M-ITX/ax,11899,8,2,2
ASRock Z790 LiveMixer,13999,9,3,4
ASRock Z790 PG Lightning/D4,15007,9,2,4
ASRock Z790 PG Riptide,19599,9,3,4
ASRock Z790 PG SONIC,17499,9,3,4
ASRock Z790 PG-ITX/TB4,20226,9,3,2
ASRock Z790 Pro RS,15399,9,3,4
ASRock Z790 Pro RS/D4,17267,9,2,4
ASRock Z790 Steel Legend WIFI,17499,9,3,4
ASRock Z790 Taichi,33599,9,3,4
ASRock Z790 Taichi Carrara,30099,9,3,4
ASRock Z790M PG Lightning/D4,12599,9,2,4
ASRock Z790M-ITX WIFI,14699,9,3,2
Asus A68HM-E,10402,16,1,2
Asus A68HM-K,0,16,1,2
ASUS A68HM-K GL/SATA600/R/USB3.0/DVI/VGA A68X,3430,16,1,2
Asus A68HM-PLUS,4270,16,1,2
ASUS A88X-Plus/USB3.1 GL/SATA600/R/USB3.0/DVI/HDMI/VGA,0,16,1,4
ASUS A88XM-E USB 3.1,0,16,2,2
ASUS A88XM-Plus GL/SATA600/R/USB3.0/DVI/HDMI/VGA A88X,0,16,1,4
ASUS AM1I-A GL/SATA600/HDMI/DVI/VGA Mini-ITX,0,17,1,2
ASUS AM1M-A GL/SATA600/HDMI/DVI/VGA,4243,17,1,2
ASUS B150 Pro Gaming/Aura,0,6,2,4
Asus B150-PLUS,6315,6,2,4
ASUS B150-Pro,0,6,2,4
ASUS B150-PRO Gaming USB3.1/M.2/SATA600/HDMI/VGA,0,6,2,4
ASUS B150I Pro Gaming/WiFi/Aura,0,6,2,2
ASUS B150M-A D3,0,6,1,4
Asus B150M-A D3,5056,6,1,4
ASUS B150M-C,0,6,2,4
ASUS B150M-C D3,0,6,1,4
ASUS B150M-Plus D3,0,6,1,4
Asus B150M-PLUS D3,6250,6,1,4
ASUS B150M-PRO Gaming USB3.0/M.2/SATA600/HDMI,0,6,2,4
ASUS B250 Mining Expert BTC,0,6,2,2
Asus CROSSBLADE RANGER,12950,16,1,4
"ASUS Crossblade RANGER, RoG",0,16,1,4
"ASUS Crosshair V Formula Z, RoG",0,13,1,4
ASUS E3 PRO GAMING V5,0,6,2,4
ASUS EX-A320M,0,18,2,4
Asus EX-B250-V7,6905,6,2,4
ASUS H110-PLUS,0,6,2,2
ASUS H110I-PLUS,0,6,2,2
ASUS H110M-A/M.2,0,6,2,2
ASUS H110M-C,0,6,2,2
ASUS H110M-D,0,6,2,2
ASUS H110M-K,4864,6,2,2
Asus H110M-K,5459,6,2,2
ASUS H110M-PLUS USB3.1/GL/SATA600/DVI/VGA/HDMI,0,6,2,2
Asus H170 PRO GAMING,5808,6,2,4
ASUS H170-Plus D3,0,6,1,4
ASUS H170-PRO,0,6,2,4
ASUS H170-PRO Gaming,0,6,2,4
ASUS H170-PRO USB 3.1,0,6,2,4
ASUS H170I-Plus D3 M.2/SATA600/DVI/HDMI/DP/VGA WiFi/BT ITX,0,6,1,2
ASUS H170I-Pro 2x GL/M.2/SATAe/DVI/HDMI/DP/VGA WiFi/BT ITX,0,6,2,2
ASUS H170M-E D3,0,6,1,4
ASUS H170M-Plus,0,6,2,4
Asus H370 MINING MASTER,3710,6,2,2
ASUS M5A78L-M LE/USB3 GL/SATA300/DVI/VGA/Seriell 760G,0,13,1,2
ASUS M5A78L-M LX3 GL/SATA300/CF/VGA 760G,4795,13,1,2
ASUS M5A78L-M PLUS/USB3,2519,13,1,4
Asus M5A97 LE R2.0,82603,13,1,4
ASUS M5A97 LE R2.0 GL/SATA600/R/USB3.0 AMD970,0,13,1,4
ASUS M5A97 PLUS GL/SATA600/R AMD970,0,13,1,4
ASUS M5A97 R2.0 GL/SATA600/R/USB3.0 AMD970,0,13,1,4
ASUS M5A99FX PRO R2.0,0,13,1,4
ASUS M5A99X EVO R2.0 GL/SATA600/R/eSATA/USB3.0 AMD990X,0,13,1,4
"ASUS Maximus IX FORMULA, RoG",0,6,2,4
"ASUS Maximus IX HERO, RoG",0,6,2,4
"ASUS Maximus TUF MARK 1, RoG",0,6,2,4
"ASUS Maximus TUF MARK 2, RoG",0,6,2,4
ASUS Maximus VIII Extreme,0,6,2,4
ASUS Maximus VIII GENE,0,6,2,4
Asus MAXIMUS VIII GENE,13860,6,2,4
ASUS Maximus VIII HERO,0,6,2,4
ASUS Maximus VIII HERO ALPHA,0,6,2,4
Asus MAXIMUS VIII IMPACT,16379,6,2,2
"ASUS Maximus VIII Impact, RoG",0,6,2,2
"ASUS Maximus X APEX, RoG",0,6,2,2
ASUS Maximus X HERO + ASUS ROG Magnetic Addressable-RGB-LED-Strip,5714,6,2,4
Asus P10S WS,15120,6,2,4
ASUS P10S WS 2x GL/USB3.0/SATA600/VGA,0,6,2,4
Asus P10S-M WS,13790,6,2,4
ASUS P10S-V/4L 4x GL/USB3.0/SATA600/VGA,0,6,2,4
ASUS PRIME A320I-K/CSM,0,18,2,2
ASUS PRIME A320M-A,0,18,2,4
Asus PRIME A320M-A,4270,18,2,4
ASUS PRIME A320M-E,0,18,2,2
ASUS PRIME A320M-K,4129,18,2,2
ASUS PRIME A520M-E,0,18,2,2
ASUS PRIME A520M-K,0,18,2,2
ASUS PRIME B250-PLUS,6517,6,2,4
ASUS PRIME B250-PRO,0,6,2,4
ASUS PRIME B250M-K,0,6,2,2
Asus PRIME B250M-PLUS,0,6,2,4
ASUS PRIME B250M-PLUS,0,6,2,4
ASUS PRIME B350-PLUS,0,18,2,4
Asus PRIME B350-PLUS,6251,18,2,4
ASUS PRIME B350M-A,5740,18,2,4
ASUS PRIME B350M-E,0,18,2,2
Asus PRIME B350M-E,5249,18,2,2
ASUS PRIME B350M-K,0,18,2,2
ASUS PRIME B360-Plus,0,6,2,4
Asus PRIME B360-PLUS,7069,6,2,4
ASUS PRIME B360M-A,5459,6,2,4
Asus PRIME B360M-A,5599,6,2,4
Asus PRIME B360M-K,5599,6,2,2
ASUS PRIME B360M-K,5697,6,2,2
ASUS PRIME B365M-A Gaming,0,6,2,4
Asus PRIME B450-PLUS,6999,18,2,4
"ASUS PRIME B450-Plus, AMD B450",6999,18,2,4
ASUS PRIME B450M-A,5599,18,2,4
ASUS PRIME B450M-A II,0,18,2,4
"ASUS PRIME B450M-K Gaming, AMD B450",0,18,2,2
ASUS PRIME B450M-K II,0,18,2,2
ASUS PRIME B460-PLUS,0,8,2,4
ASUS PRIME B460M-A,0,8,2,4
ASUS PRIME B460M-K,0,8,2,2
ASUS Prime B550-PLUS,0,18,2,4
ASUS Prime B550M-A,0,18,2,4
ASUS Prime B550M-A (Wi-Fi),0,18,2,4
ASUS Prime B550M-K,0,18,2,4
ASUS PRIME B560-PLUS,0,8,2,4
ASUS PRIME B560M-A,0,8,2,4
ASUS PRIME B560M-K,0,8,2,2
ASUS Prime B760-Plus D4,0,9,2,4
ASUS Prime B760M-A D4,0,9,2,4
ASUS Prime B760M-A WiFi D4,0,9,2,4
ASUS Prime B760M-K D4,0,9,2,2
ASUS PRIME H270-PLUS,0,6,2,4
ASUS PRIME H270-PRO,0,6,2,4
Asus PRIME H270-PRO,10219,6,2,4
ASUS PRIME H270M-PLUS,0,6,2,4
ASUS PRIME H310-Plus,0,6,2,2
Asus PRIME H310M-A,4899,6,2,2
ASUS PRIME H310M-A,5109,6,2,2
ASUS PRIME H310M-D,0,6,2,2
Asus PRIME H310M-E,4199,6,2,2
ASUS PRIME H310M-E,4199,6,2,2
ASUS PRIME H310M-E R2.0,3919,6,2,2
ASUS PRIME H310M-K,0,6,2,2
ASUS PRIME H310M-K R2.0,0,6,2,2
ASUS PRIME H370-A,7592,6,2,4
Asus PRIME H370-A,7839,6,2,4
ASUS PRIME H370-Plus,0,6,2,4
Asus PRIME H370-PLUS,7902,6,2,4
Asus PRIME H370M-PLUS,6999,6,2,4
ASUS PRIME H370M-Plus,7419,6,2,4
ASUS PRIME H410M-A,0,8,2,2
ASUS PRIME H410M-D,0,8,2,2
ASUS PRIME H410M-E,0,8,2,2
ASUS PRIME H410M-K,0,8,2,2
ASUS PRIME H470-PLUS Gaming,0,8,2,4
ASUS PRIME H470M-PLUS Gaming,0,8,2,4
ASUS PRIME H510M-A,3849,8,2,2
ASUS PRIME H510M-A WIFI,0,8,2,2
ASUS PRIME H510M-D Intel H510,0,8,2,2
ASUS PRIME H510M-E Intel H510,0,8,2,2
ASUS PRIME H510M-K Intel H510,0,8,2,2
ASUS PRIME H570-Plus,0,8,2,4
ASUS PRIME H570M-PLUS,0,8,2,4
ASUS Prime H610M-A D4,0,9,2,2
ASUS Prime H610M-A D4-CSM,0,9,2,2
ASUS Prime H610M-D D4,0,9,2,2
ASUS Prime H610M-E D4,0,9,2,2
ASUS Prime H610M-E D4-CSM,0,9,2,2
ASUS Prime H610M-K D4,0,9,2,2
ASUS Prime H770-Plus D4,0,9,2,4
ASUS Prime X299 Edition 30,52499,7,2,8
Asus PRIME X299-A,20299,7,2,8
ASUS Prime X299-A,24499,7,2,8
ASUS Prime X299-A II,24499,7,2,8
Asus PRIME X299-DELUXE,25598,7,2,8
ASUS Prime X299-DELUXE,33039,7,2,8
ASUS Prime X299-DELUXE II,33039,7,2,8
ASUS PRIME X370-A,0,18,2,4
Asus PRIME X370-A,7489,18,2,4
ASUS PRIME X370-PRO,11199,18,2,4
Asus PRIME X399-A,18199,19,2,8
ASUS PRIME X399-A,18199,19,2,8
Asus PRIME X470-PRO,8329,18,2,4
"ASUS PRIME X470-Pro, AMD X470",8329,18,2,4
"ASUS Prime X570-P, AMD X570",9519,18,2,4
"ASUS Prime X570-Pro, AMD X570",17499,18,2,4
ASUS Prime X670-P,0,22,3,4
ASUS Prime X670-P WiFi,0,22,3,4
ASUS Prime X670E-Pro WiFi,0,22,3,4
ASUS PRIME Z270-A,0,6,2,4
Asus PRIME Z270-AR,11130,6,2,4
ASUS PRIME Z270-K,0,6,2,4
Asus PRIME Z270-K,10919,6,2,4
Asus PRIME Z370-A,10149,6,2,4
ASUS PRIME Z370-A,10149,6,2,4
ASUS PRIME Z370-A II,10149,6,2,4
Asus PRIME Z370-P,5949,6,2,4
ASUS PRIME Z370-P,8049,6,2,4
ASUS PRIME Z370-P II,8049,6,2,4
ASUS PRIME Z390-A,21699,6,2,4
ASUS PRIME Z390-P,9449,6,2,4
ASUS PRIME Z390M-PLUS,0,6,2,4
ASUS PRIME Z490-A,0,8,2,4
ASUS PRIME Z590-A,0,8,2,4
ASUS PRIME Z590-P,0,8,2,4
ASUS PRIME Z590M-PLUS,0,8,2,4
ASUS PRIME Z690-A,15049,9,3,4
ASUS PRIME Z690-P D4-CSM,0,9,2,4
ASUS PRIME Z690M-PLUS D4,11448,9,2,4
ASUS Prime Z790-P WiFi,0,9,3,4
ASUS Pro B660M-C D4-CSM,0,9,2,4
ASUS PRO WS W480-ACE,0,8,2,4
ASUS Pro WS X299 Sage II,0,7,2,8
"ASUS Pro WS X570-ACE, AMD X570",0,18,2,4
ASUS ProART B660-Creator D4,0,9,2,4
ASUS ProArt X570-Creator WiFi,0,18,2,4
ASUS ProArt X670E-Creator WiFI,0,22,3,4
ASUS ProART Z490-CREATOR 10G,20999,8,2,4
ASUS ProArt Z690-CREATOR WIFI,28979,9,3,4
ASUS ProArt Z790 Creator WiFi,0,9,3,4
ASUS Q170M-C GL/SATA600/VGA/DVI/HDMI/DP,0,6,2,4
ASUS Q170T 2x GL/M.2/SATA600//HDMI/DP Mini ITX,0,6,2,2
Asus ROG CROSSHAIR VI EXTREME,18340,18,2,4
"ASUS ROG Crosshair VI Extreme, AMD X370",0,18,2,4
Asus ROG CROSSHAIR VI HERO,10499,18,2,4
ASUS ROG Crosshair VI HERO,10499,18,2,4
Asus ROG CROSSHAIR VI HERO (WI-FI AC),8959,18,2,4
ASUS ROG Crosshair VI HERO (WI-FI AC),10499,18,2,4
Asus ROG CROSSHAIR VII HERO,13719,18,2,4
"ASUS ROG Crosshair VII Hero (Wi-Fi), AMD X470",16239,18,2,4
"ASUS ROG Crosshair VII HERO Gaming, AMD X470",0,18,2,4
ASUS ROG Crosshair VIII Dark Hero,0,18,2,4
ASUS ROG Crosshair VIII Extreme,47599,18,2,4
"ASUS ROG Crosshair VIII Formula, AMD X570",33739,18,2,4
"ASUS ROG Crosshair VIII Hero (WI-FI), AMD X570",0,18,2,4
"ASUS ROG Crosshair VIII Hero, AMD X570",23799,18,2,4
"ASUS ROG Crosshair VIII Impact, AMD X570-, Mini-DTX",0,18,2,2
ASUS ROG Crosshair X670E Extreme,0,22,3,4
ASUS ROG Crosshair X670E Gene,41999,22,3,2
ASUS ROG Crosshair X670E Hero,34649,22,3,4
ASUS ROG Maximus IX APEX,16799,6,2,2
ASUS ROG Maximus IX CODE,0,6,2,4
Asus ROG MAXIMUS IX EXTREME,7699,6,2,4
ASUS ROG Maximus IX Extreme,9939,6,2,4
Asus ROG MAXIMUS IX FORMULA,23730,6,2,4
Asus ROG MAXIMUS IX HERO,16030,6,2,4
Asus ROG MAXIMUS VIII HERO ALPHA,15152,6,2,4
Asus ROG MAXIMUS X APEX,14279,6,2,2
ASUS ROG MAXIMUS X CODE,0,6,2,4
Asus ROG MAXIMUS X CODE,19599,6,2,4
Asus ROG MAXIMUS X FORMULA,24018,6,2,4
ASUS ROG MAXIMUS X HERO,14349,6,2,4
Asus ROG MAXIMUS X HERO (WI-FI AC),11479,6,2,4
ASUS ROG MAXIMUS X HERO Wi-Fi,18175,6,2,4
ASUS ROG Maximus XI APEX,0,6,2,2
ASUS ROG Maximus XI CODE,24499,6,2,4
ASUS ROG Maximus XI Extreme,35139,6,2,4
ASUS ROG Maximus XI FORMULA,26599,6,2,4
ASUS ROG Maximus XI GENE,27999,6,2,2
ASUS ROG Maximus XI HERO,19599,6,2,4
ASUS ROG Maximus XI HERO Wi-Fi,19815,6,2,4
ASUS ROG Maximus XI HERO Wi-Fi CE,0,6,2,4
ASUS ROG Maximus XII Extreme,0,8,2,4
ASUS ROG Maximus XII Formula,0,8,2,4
ASUS ROG Maximus XII Hero Wi-Fi,0,8,2,4
ASUS ROG Maximus XIII APEX,0,8,2,2
ASUS ROG Maximus XIII Extreme,0,8,2,4
ASUS ROG Maximus XIII Extreme GLACIAL,0,8,2,4
ASUS ROG Maximus XIII HERO,0,8,2,4
ASUS ROG MAXIMUS Z690 APEX,0,9,3,2
ASUS ROG MAXIMUS Z690 EXTREME,76999,9,3,4
ASUS ROG MAXIMUS Z690 EXTREME GLACIAL,0,9,3,4
ASUS ROG MAXIMUS Z690 FORMULA,44659,9,3,4
ASUS ROG MAXIMUS Z690 HERO,0,9,3,4
ASUS ROG Maximus Z790 Extreme,0,9,3,4
ASUS ROG Rampage VI APEX,0,7,2,4
ASUS ROG Rampage VI Extreme,0,7,2,8
ASUS ROG Rampage VI EXTREME ENCORE,0,7,2,8
ASUS ROG Rampage VI Extreme OMEGA,55930,7,2,8
ASUS ROG STRIX B250F Gaming,0,6,2,4
Asus ROG STRIX B250F GAMING,10733,6,2,4
Asus ROG STRIX B250G GAMING,6361,6,2,4
Asus ROG STRIX B250I GAMING,7699,6,2,2
ASUS ROG STRIX B350-F Gaming,0,18,2,4
Asus ROG STRIX B350-I GAMING,8131,18,2,2
ASUS ROG Strix B360-F Gaming,9352,6,2,4
ASUS ROG Strix B360-G Gaming,9660,6,2,4
ASUS ROG Strix B360-H Gaming,0,6,2,4
Asus ROG STRIX B360-H GAMING,9099,6,2,4
ASUS ROG Strix B360-I Gaming,0,6,2,2
Asus ROG STRIX B360-I GAMING,8679,6,2,2
"ASUS ROG Strix B450-E Gaming, AMD B450",0,18,2,4
"ASUS ROG Strix B450-F Gaming, AMD B450",7769,18,2,4
ASUS ROG Strix B450-F II Gaming,0,18,2,4
Asus ROG STRIX B450-I GAMING,9449,18,2,2
"ASUS ROG Strix B450-I Gaming, AMD B450",9449,18,2,2
ASUS ROG Strix B460-F Gaming,0,8,2,4
ASUS ROG Strix B460-G Gaming,0,8,2,4
ASUS ROG Strix B460-H Gaming,0,8,2,4
ASUS ROG Strix B460-I Gaming,0,8,2,2
ASUS ROG STRIX B550-E Gaming,0,18,2,4
ASUS ROG STRIX B550-F Gaming,0,18,2,4
ASUS ROG STRIX B550-F Gaming (Wi-Fi),0,18,2,4
ASUS ROG STRIX B550-F Gaming WiFi II,0,18,2,4
ASUS ROG STRIX B550-I Gaming,0,18,2,2
ASUS ROG Strix B550-XE Gaming Wifi,0,18,2,4
ASUS ROG Strix B560-A Gaming (WI-FI) Gaming,0,8,2,4
ASUS ROG Strix B560-E Gaming Wi-Fi,0,8,2,4
ASUS ROG Strix B560-G Gaming (Wi-Fi),0,8,2,4
ASUS ROG Strix B560-I Gaming (Wi-Fi),0,8,2,2
ASUS ROG STRIX B660-A Gaming WiFi D4,14629,9,2,4
ASUS ROG STRIX B660-F Gaming WiFi,0,9,3,4
ASUS ROG STRIX B660-G Gaming WiFi,0,9,3,4
ASUS ROG STRIX B660-I Gaming WiFi,0,9,3,2
ASUS ROG Strix B760-A Gaming WiFi D4,0,9,2,4
ASUS ROG Strix B760-F Gaming WiFi,0,9,2,4
ASUS ROG Strix B760-G Gaming WiFi D4,0,9,2,4
ASUS ROG Strix B760-I Gaming WiFi,0,9,2,2
Asus ROG STRIX H270F GAMING,9258,6,2,4
Asus ROG STRIX H270I GAMING,2304,6,2,2
ASUS ROG Strix H370-F Gaming,0,6,2,4
Asus ROG STRIX H370-F GAMING,9535,6,2,4
ASUS ROG Strix H370-I Gaming,0,6,2,2
ASUS ROG Strix H470-I Gaming,0,8,2,2
ASUS ROG Strix X299-E Gaming,14489,7,2,8
ASUS ROG Strix X299-E Gaming II,34999,7,2,8
Asus ROG STRIX X299-XE GAMING,14489,7,2,8
Asus ROG STRIX X370-F GAMING,12129,18,2,4
ASUS ROG STRIX X370-F Gaming,12809,18,2,4
Asus ROG STRIX X370-I GAMING,14722,18,2,2
ASUS ROG STRIX X399-E,19389,19,2,4
Asus ROG STRIX X470-F GAMING,10709,18,2,4
"ASUS ROG Strix X470-F Gaming, AMD X470",0,18,2,4
ASUS ROG Strix X570-E Gaming Wifi II,0,18,2,4
"ASUS ROG Strix X570-E Gaming, AMD X570",0,18,2,4
"ASUS ROG Strix X570-F Gaming, AMD X570",17849,18,2,4
"ASUS ROG Strix X570-I Gaming, AMD X570",0,18,2,2
ASUS ROG Strix X670E-A Gaming WiFi,0,22,3,4
ASUS ROG Strix X670E-E Gaming,0,22,3,4
ASUS ROG Strix X670E-F Gaming WiFi,0,22,3,4
ASUS ROG Strix X670E-I Gaming WiFi,0,22,3,2
Asus ROG STRIX Z270E GAMING,13930,6,2,4
Asus ROG STRIX Z270F GAMING,10385,6,2,4
Asus ROG STRIX Z270G GAMING,16799,6,2,4
Asus ROG STRIX Z270H GAMING,11130,6,2,4
Asus ROG Strix Z270I Gaming,16095,6,2,2
ASUS ROG STRIX Z370-F Gaming,0,6,2,4
Asus ROG STRIX Z370-F GAMING,11339,6,2,4
ASUS ROG STRIX Z370-G Gaming,0,6,2,4
Asus ROG STRIX Z370-G GAMING (WI-FI AC),11759,6,2,4
ASUS ROG STRIX Z370-G Wi-Fi Gaming,0,6,2,4
ASUS ROG STRIX Z370-H Gaming,0,6,2,4
Asus ROG STRIX Z370-H GAMING,11754,6,2,4
ASUS ROG STRIX Z370-I Gaming,0,6,2,2
Asus ROG STRIX Z370-I GAMING,13299,6,2,2
ASUS ROG Strix Z390-E Gaming,14279,6,2,4
ASUS ROG Strix Z390-F Gaming,14699,6,2,4
ASUS ROG Strix Z390-H Gaming,13258,6,2,4
ASUS ROG Strix Z390-I Gaming,12809,6,2,4
ASUS ROG Strix Z490-A Gaming,0,8,2,4
ASUS ROG Strix Z490-E Gaming,0,8,2,4
ASUS ROG Strix Z490-F Gaming,0,8,2,4
ASUS ROG Strix Z490-G Gaming WifI,0,8,2,4
ASUS ROG Strix Z490-H Gaming,15399,8,2,4
ASUS ROG Strix Z490-I Gaming,0,8,2,2
ASUS ROG Strix Z590-A Gaming WiFi,0,8,2,4
ASUS ROG Strix Z590-E Gaming WiFi,0,8,2,4
ASUS ROG Strix Z590-F Gaming WiFi,0,8,2,4
ASUS ROG Strix Z590-I Gaming WiFi,0,8,2,2
ASUS ROG STRIX Z690-A GAMING WIFI D4,0,9,2,4
ASUS ROG STRIX Z690-E GAMING WIFI,0,9,3,4
ASUS ROG STRIX Z690-F GAMING WIFI,0,9,3,4
ASUS ROG STRIX Z690-G GAMING WIFI,0,9,3,4
ASUS ROG STRIX Z690-I GAMING WIFI,0,9,3,2
ASUS ROG WS Z390 PRO,0,6,2,4
ASUS Sabertooth 990FX R2.0 USB3.0/SATA600/R/eSATA 990FX,0,13,1,4
ASUS Sabertooth Z170 Mark 1,0,6,2,4
ASUS SABERTOOTH Z170 S USB3.1/SATA600/SATAe/M.2/DP/HDMI,0,6,2,4
ASUS STRIX B250I Gaming,0,6,2,2
"ASUS STRIX B350-I Gaming, Rog",0,18,2,2
ASUS STRIX H270F Gaming,0,6,2,4
ASUS STRIX H270I Gaming,0,6,2,2
"ASUS STRIX X370-I Gaming, RoG",0,18,2,2
"ASUS Strix X470-I Gaming, RoG",0,18,2,2
"ASUS STRIX Z270E Gaming, RoG",0,6,2,4
"ASUS STRIX Z270F Gaming, RoG",0,6,2,4
"ASUS STRIX Z270H Gaming, RoG",0,6,2,4
ASUS STRIX Z270I Gaming ROG,0,6,2,2
"ASUS STRIX Z370-E Gaming, RoG",0,6,2,4
ASUS TUF B350M-PLUS Gaming,0,18,2,4
Asus TUF B350M-PLUS GAMING,6419,18,2,4
Asus TUF B360-PLUS GAMING,7139,6,2,4
ASUS TUF B360-Plus Gaming,7139,6,2,4
ASUS TUF B360-Pro Gaming,16453,6,2,4
Asus TUF B360-PRO GAMING (WI-FI),7769,6,2,4
ASUS TUF B360-Pro Gaming (Wi-Fi),8231,6,2,4
Asus TUF B360M-E GAMING,5637,6,2,2
ASUS TUF B360M-E Gaming,7854,6,2,2
ASUS TUF B360M-Plus Gaming,0,6,2,4
Asus TUF B360M-PLUS GAMING,6003,6,2,4
Asus TUF B450-PLUS GAMING,7423,18,2,4
"ASUS TUF B450-Plus Gaming, AMD B450",0,18,2,4
ASUS TUF B450-PLUS II Gaming,0,18,2,4
"ASUS TUF B450-PRO Gaming, AMD B450",8399,18,2,4
"ASUS TUF B450M-Plus Gaming, AMD B450",5249,18,2,4
ASUS TUF B450M-Plus II Gaming,0,18,2,4
"ASUS TUF B450M-PRO Gaming, AMD B450",0,18,2,4
ASUS TUF B450M-PRO II Gaming,0,18,2,4
ASUS TUF B460-PLUS Gaming,0,8,2,4
ASUS TUF B460-PRO (WI-FI) Gaming,0,8,2,4
ASUS TUF B460M-PLUS (WI-FI) Gaming,0,8,2,4
ASUS TUF Gaming B550-PLUS,0,18,2,4
ASUS TUF Gaming B550-PLUS (Wi-Fi) II,0,18,2,4
ASUS TUF Gaming B550M-PLUS,0,18,2,4
ASUS TUF Gaming B550M-PLUS (Wi-Fi),0,18,2,4
ASUS TUF Gaming B550M-PLUS Wi-Fi II,0,18,2,4
ASUS TUF Gaming B560-PLUS Gaming (WI-FI),0,8,2,4
ASUS TUF Gaming B560M-E Gaming (WI-FI),0,8,2,4
ASUS TUF Gaming B560M-PLUS,0,8,2,4
ASUS TUF Gaming B560M-PLUS (WI-FI),0,8,2,4
ASUS TUF Gaming B660M-E D4,0,9,2,4
ASUS TUF Gaming B660M-Plus D4,0,9,2,4
ASUS TUF Gaming B660M-Plus WiFi D4,0,9,2,4
ASUS TUF Gaming B760-Plus WiFi D4,0,9,2,4
ASUS TUF Gaming B760M-Plus D4,0,9,2,4
ASUS TUF Gaming B760M-Plus WiFi D4,0,9,2,4
ASUS TUF Gaming H570-Pro,0,8,2,4
ASUS TUF Gaming H570-Pro (WI-FI),0,8,2,4
ASUS TUF Gaming H770-Pro WiFi,0,9,3,4
"ASUS TUF Gaming X570-Plus (WI-FI), AMD X570",13719,18,2,4
"ASUS TUF Gaming X570-Plus, AMD X570",0,18,2,4
ASUS TUF Gaming X570-Pro Wifi II,0,18,2,4
ASUS TUF Gaming X670E-Plus,0,22,3,4
ASUS TUF Gaming X670E-Plus WiFi,0,22,3,4
ASUS TUF Gaming Z590-PLUS,0,8,2,4
ASUS TUF Gaming Z590-PLUS WiFi,0,8,2,4
ASUS TUF GAMING Z690-PLUS D4,0,9,2,4
ASUS TUF Gaming Z790-Plus WiFi D4,0,9,2,4
ASUS TUF H310-Plus Gaming,0,6,2,2
Asus TUF H310-PLUS GAMING,5179,6,2,2
ASUS TUF H310M-Plus Gaming,0,6,2,2
Asus TUF H310M-PLUS GAMING,4759,6,2,2
ASUS TUF H370-Pro Gaming,0,6,2,4
ASUS TUF H370-Pro Gaming (Wi-Fi),0,6,2,4
ASUS TUF H470-PRO (WI-FI) Gaming,0,8,2,4
ASUS TUF H470-PRO Gaming,0,8,2,4
ASUS TUF X299 MARK 1,0,7,2,8
Asus TUF X299 MARK 2,15469,7,2,8
ASUS TUF X299 MARK 2,24640,7,2,8
Asus TUF X470-PLUS GAMING,8049,18,2,4
ASUS TUF X470-Plus Gaming,9449,18,2,4
Asus TUF Z270 MARK 1,13999,6,2,4
Asus TUF Z270 MARK 2,10142,6,2,4
Asus TUF Z370-PLUS GAMING,8329,6,2,4
ASUS TUF Z370-PLUS Gaming,8329,6,2,4
Asus TUF Z370-PRO GAMING,10849,6,2,4
"ASUS TUF Z370-PRO Gaming, RoG",0,6,2,4
ASUS TUF Z390-PLUS Gaming,11969,6,2,4
ASUS TUF Z390-PLUS Gaming Wi-Fi,0,6,2,4
ASUS TUF Z390-PRO Gaming,10149,6,2,4
ASUS TUF Z390M-PRO Gaming,11129,6,2,4
ASUS TUF Z390M-PRO Gaming Wi-Fi,0,6,2,4
ASUS TUF Z490-PLUS Gaming,0,8,2,4
ASUS TUF Z490-PLUS Gaming Wi-Fi,0,8,2,4
ASUS WS X299 PRO,0,7,2,8
ASUS WS X299 Pro/SE,32339,7,2,8
ASUS WS X299 SAGE,36259,7,2,8
ASUS WS X299 SAGE/10G,46689,7,2,8
ASUS Z170 Pro Gaming,0,6,2,4
ASUS Z170 Pro Gaming Aura,0,6,2,4
ASUS Z170-A,0,6,2,4
Asus Z170-A,10394,6,2,4
ASUS Z170-Deluxe,0,6,2,4
Asus Z170-E,8399,6,2,4
ASUS Z170-E USB3.1/M.2/SATAe/SATA600/DVI/HDMI Z170,0,6,2,4
ASUS Z170-K,0,6,2,4
Asus Z170-K,5774,6,2,4
ASUS Z170-PRO,0,6,2,4
Asus Z170-PRO,17094,6,2,4
ASUS Z170-WS,0,6,2,4
ASUS Z170-WS 2x GLAN/USB3.1/SATA600/M.2/DP/HDMI,0,6,2,4
ASUS Z170I Pro Gaming,0,6,2,2
Asus Z170I PRO GAMING,9030,6,2,2
ASUS Z170M-Plus,0,6,2,4
Biostar A320MD Pro,0,18,2,2
Biostar B350ET2,0,18,2,2
Biostar B350GT3,0,18,2,4
Biostar B350GT5,0,18,2,4
Biostar B350GTN,0,18,2,2
Biostar Intel H61,0,3,1,2
Biostar TA970 Plus,0,13,1,4
Biostar X370GT3,0,18,2,4
Biostar X370GT5,0,18,2,4
Biostar X370GT7,0,18,2,4
Biostar X370GTN,0,18,2,2
Biostar Z370GT6,0,6,2,4
EVGA X299 Dark,30098,7,2,4
EVGA X299 FTW-K,21875,7,2,8
EVGA X299 Micro,18578,7,2,4
EVGA Z170 Classified 4-Way,0,6,2,4
EVGA Z170 Classified K,0,6,2,4
EVGA Z170 FTW,0,6,2,4
EVGA Z170 Stinger,0,6,2,2
EVGA Z270 Classified K,0,6,2,4
EVGA Z270 FTW K,0,6,2,4
EVGA Z270 Stinger,0,6,2,2
EVGA Z370 Classified K,14419,6,2,4
EVGA Z370 FTW,15399,6,2,4
EVGA Z370 Micro ATX,14279,6,2,2
Gigabyte 970-Gaming,8922,13,1,4
Gigabyte 970A-DS3P,4199,13,1,4
Gigabyte 970A-DS3P FX,4199,13,1,4
Gigabyte 990X-Gaming SLI,0,13,1,4
"Gigabyte A320M-DS2, AMD A320-",0,18,2,2
Gigabyte A320M-S2H,3709,18,2,2
Gigabyte A520 Aorus Elite,0,18,2,4
Gigabyte A520I AC,7699,18,2,2
Gigabyte A520M DS3H,0,18,2,4
Gigabyte A520M H,0,18,2,2
Gigabyte A520M S2H,0,18,2,2
"Gigabyte AB350-Gaming 3, AMD B350",5949,18,2,4
"Gigabyte AB350-Gaming, AMD B350",5947,18,2,4
"Gigabyte AB350M Gaming 3, AMD B350-",6299,18,2,4
"Gigabyte AB350M-HD3, AMD B350",6940,18,2,2
Gigabyte AB350N Gaming WIFI,0,18,2,2
Gigabyte Aorus X299 Ultra Gaming Pro,20120,7,2,8
Gigabyte Aorus X299-Gaming 3,38743,7,2,8
Gigabyte Aorus X299-Gaming 3 Pro,0,7,2,8
Gigabyte Aorus X299-Gaming 7,27999,7,2,8
Gigabyte Aorus X299-Gaming 7 Pro,0,7,2,8
Gigabyte Aorus X299-Gaming 9,30703,7,2,8
Gigabyte Aorus X299-Ultra Gaming,20120,7,2,8
Gigabyte Aorus Z270X-Gaming 7,0,6,2,4
Gigabyte Aorus Z270X-Gaming 8,29580,6,2,4
Gigabyte Aorus Z270X-Gaming K5,12424,6,2,4
"Gigabyte AX370-Gaming 3, AMD X370",7699,18,2,4
"Gigabyte AX370-Gaming 5, AMD X370",13298,18,2,4
"Gigabyte AX370-Gaming K3, AMD X370",4199,18,2,4
"Gigabyte AX370-Gaming K5, AMD X370-",8399,18,2,4
"Gigabyte AX370-Gaming K7, AMD X370",14365,18,2,4
"Gigabyte AX370M-Gaming 3, AMD X370-",0,18,2,4
Gigabyte B150M-D3H,7032,6,2,4
Gigabyte B250-FinTech 11+1 BTC Edition,4199,6,2,4
Gigabyte B250-HD3P,0,6,2,4
Gigabyte B250M-D2V,0,6,2,2
Gigabyte B250M-D3H,5949,6,2,4
Gigabyte B250N Phoenix WIFI,0,6,2,2
Gigabyte B360 Aorus Gaming 3 WIFI,8959,6,2,4
Gigabyte B360M D2V,0,6,2,2
Gigabyte B360M H,0,6,2,2
Gigabyte B360N WIFI,7618,6,2,2
"Gigabyte B450 Aorus Elite, AMD B450",4899,18,2,4
"Gigabyte B450 Aorus Pro, AMD B450",0,18,2,4
"Gigabyte B450 Gaming X, AMD B450",6999,18,2,4
"Gigabyte B450 I Aorus Pro WiFi, AMD B450",8399,18,2,2
Gigabyte B450M DS3H V2,4619,18,2,4
"Gigabyte B450M DS3H, AMD B450",4759,18,2,4
"Gigabyte B450M Gaming, AMD B450",0,18,2,4
Gigabyte B450M H,0,18,2,2
Gigabyte B450M S2H V2,0,18,2,2
"Gigabyte B450M S2H, AMD B450",0,18,2,4
Gigabyte B460M Gaming HD,0,8,2,2
Gigabyte B550 Aorus Elite,0,18,2,4
Gigabyte B550 Aorus Elite AX V2,11899,18,2,4
Gigabyte B550 Aorus Elite V2,0,18,2,4
Gigabyte B550 Aorus Master,0,18,2,4
Gigabyte B550 Aorus Pro,0,18,2,4
Gigabyte B550 Aorus Pro AC,13999,18,2,4
Gigabyte B550 Gaming X,0,18,2,4
Gigabyte B550 Gaming X V2 Rev 1.1,8959,18,2,4
Gigabyte B550 Vision D,0,18,2,4
Gigabyte B550 Vision D-P,16799,18,2,4
Gigabyte B550I Aorus Pro AX,0,18,2,2
Gigabyte B550M Aorus Elite,0,18,2,4
Gigabyte B550M Aorus Pro,10499,18,2,4
Gigabyte B550M Aorus Pro P,9099,18,2,4
Gigabyte B550M DS3H,7699,18,2,2
Gigabyte B550M Gaming,0,18,2,2
Gigabyte B550M S2H,0,18,2,2
Gigabyte B560 Aorus Pro AX,0,8,2,4
Gigabyte B560 HD3,7139,8,2,4
Gigabyte B560I Aorus Pro AX,0,8,2,2
Gigabyte B560M Aorus Elite,0,8,2,4
Gigabyte B560M Aorus Pro,0,8,2,4
Gigabyte B560M Aorus Pro AX,9799,8,2,4
Gigabyte B560M D3H,0,8,2,4
Gigabyte B560M DS3H,5739,8,2,4
Gigabyte B560M DS3H V2,6299,8,2,4
Gigabyte B560M H,0,8,2,2
GIGABYTE B650M AORUS Elite AX (rev. 1.0),13299,22,3,4
Gigabyte B660 A Master DDR4,12599,9,2,4
Gigabyte B660 Aorus Master,0,9,3,4
Gigabyte B660 DS3H AX DDR4,0,9,2,4
Gigabyte B660 DS3H DDR4,0,9,2,4
Gigabyte B660 Gaming X AX DDR4,12599,9,2,4
Gigabyte B660 Gaming X DDR4,0,9,2,4
Gigabyte B660I Aorus PRO DDR4,0,9,2,2
Gigabyte B660M DS3H AX DDR4,6999,9,2,4
Gigabyte B660M DS3H DDR4,7139,9,2,4
Gigabyte B660M G X AX DDR4,10499,9,2,4
GIGABYTE B660M Gaming AC DDR4,0,9,2,4
Gigabyte B660M Gaming DDR4,0,9,2,2
Gigabyte B660M Gaming X DDR4,0,9,2,4
GIGABYTE B760 A Master DDR4,0,9,2,4
Gigabyte C246-WU4,17219,7,2,4
Gigabyte F2A88XM-HD3P,0,16,1,2
Gigabyte GA-78LMT-USB3 GL/SATA3/R/USB3.0/DVI/HDMI/VGA AMD 760G,0,13,1,4
Gigabyte GA-970A-UD3P GL/SATA600/R/USB3.0 970,4199,13,1,4
Gigabyte GA-AB350M-DS3H,4899,18,2,4
Gigabyte GA-B150M-D2V DDR3 GL/SATA600/DVI/VGA,0,6,1,2
Gigabyte GA-B150M-DS3P GL/USB3.1/M.2/HDMI/DVI/VGA,0,6,2,4
Gigabyte GA-B150M-HD3 GL/USB3.0/M.2/HDMI/DVI/VGA,0,6,2,2
Gigabyte GA-B150N Phoenix-WIFI Mini-ITX,0,6,2,2
Gigabyte GA-G41M-COMBO GL/SATA600/VGA/Seriell/Parallel G41,0,0,1,4
Gigabyte GA-H110M-DS2 GL/USB3.0/SATA600/VGA,0,6,2,2
Gigabyte GA-H170-HD3 DDR3 SATAe/M.2/HDMI/DVI/VGA,0,6,1,4
Gigabyte GA-X150-PLUS WS GL/USB3.0/SATA600/SATAe/M.2 C232,10526,6,2,4
Gigabyte GA-X150M-PRO ECC GL/USB3.0/SATA600/SATAe/M.2 C232,9879,6,2,4
Gigabyte GA-X170-EXTREME ECC 2xGL/USB3.1/TB 3/SATAe/M.2 C236,0,6,2,4
Gigabyte GA-Z170X-Gaming 7 2x GB-LAN/SATAe/M.2/USB3.1,0,6,2,4
Gigabyte H110-D3A BTC Edition,2659,6,2,2
Gigabyte H110M-S2HP,8915,6,2,2
Gigabyte H110M-S2PV DDR3,0,6,1,2
Gigabyte H170-D3HP,7798,6,2,4
Gigabyte H170-HD3,0,6,2,4
Gigabyte H170M-D3H,6805,6,2,4
Gigabyte H170M-HD3 DDR3,0,6,1,2
Gigabyte H170N-WIFI,8582,6,2,2
Gigabyte H270-Gaming 3,0,6,2,4
Gigabyte H270-HD3,6999,6,2,4
Gigabyte H270N-WIFI,8399,6,2,2
Gigabyte H310M S2H,4059,6,2,2
Gigabyte H310M S2H 2.0,0,6,2,2
Gigabyte H370 Aorus Gaming 3 WIFI,9661,6,2,4
Gigabyte H370 HD3,8049,6,2,4
Gigabyte H370M D3H GSM,8609,6,2,4
Gigabyte H410M H V3,0,8,2,2
Gigabyte H410M S2H,0,8,2,2
Gigabyte H410M S2H V2,0,8,2,2
Gigabyte H410M S2H V3,0,8,2,2
Gigabyte H470 HD3,9099,8,2,4
Gigabyte H470M DS3H,0,8,2,4
Gigabyte H510M H,0,8,2,2
Gigabyte H510M S2H V2,0,8,2,2
Gigabyte H610I DDR4,8399,9,2,2
Gigabyte H610M H DDR4,0,9,2,2
Gigabyte H610M S2H DDR4,6299,9,2,2
Gigabyte Q170TN,0,6,2,2
Gigabyte W480 Vision D,0,8,2,4
Gigabyte W480 Vision W,0,8,2,4
Gigabyte W480M Vision W,0,8,2,4
Gigabyte X299 Designare EX,0,7,2,8
Gigabyte X299 UD4,14847,7,2,8
Gigabyte X299 UD4 Pro,16799,7,2,8
Gigabyte X299-WU8,34649,7,2,8
Gigabyte X299X Aorus Master,28728,7,2,8
Gigabyte X299X Aorus Xtreme Waterforce,104999,7,2,8
Gigabyte X299X Designare 10G,40249,7,2,8
Gigabyte X299X Designare 10G (Rev 1.0),0,7,2,8
Gigabyte X399 Aorus Xtreme,31193,19,2,8
Gigabyte X399 Designare EX,27299,19,2,8
Gigabyte X470 Aorus Gaming 5 WiFi,11703,18,2,4
Gigabyte X470 Aorus Gaming 7 WiFi,82,18,2,4
"Gigabyte X470 Aorus Ultra Gaming, AMD X470",8329,18,2,4
"Gigabyte X570 Aorus Master, AMD X570",25899,18,2,4
"Gigabyte X570 Aorus Ultra, AMD X570",20789,18,2,4
"Gigabyte X570 Aorus Xtreme, AMD X570",33599,18,2,4
"Gigabyte X570 UD, AMD X570",11199,18,2,4
Gigabyte X570S Aero G,0,18,2,4
Gigabyte X570S Aorus Elite,13999,18,2,4
Gigabyte X570S Aorus Master,0,18,2,4
Gigabyte X570S Aorus Pro AX,0,18,2,4
Gigabyte X570S UD,0,18,2,4
GIGABYTE X670 Gaming X AX,0,22,3,4
GIGABYTE X670E AORUS Master,34299,22,3,4
GIGABYTE X670E AORUS Xtreme,0,22,3,4
Gigabyte Z170-HD3P,9041,6,2,4
Gigabyte Z170M-D3H,7870,6,2,4
Gigabyte Z170MX-Gaming 5,9589,6,2,4
Gigabyte Z170N-WIFI,0,6,2,2
Gigabyte Z170X Gaming 7-EK,0,6,2,4
Gigabyte Z170X Ultra Gaming,9450,6,2,4
Gigabyte Z170X-Designare,15043,6,2,4
Gigabyte Z170X-Gaming 3-EU,0,6,2,4
Gigabyte Z170X-Gaming 7,0,6,2,4
Gigabyte Z170X-SOC Force,0,6,2,4
Gigabyte Z170XP-SLI,0,6,2,4
Gigabyte Z270M-D3H,8399,6,2,4
Gigabyte Z270N-WIFI,10499,6,2,2
Gigabyte Z270X-UD3,11400,6,2,4
Gigabyte Z370 Aorus Gaming 3,0,6,2,4
Gigabyte Z370 Aorus Gaming 5,0,6,2,4
Gigabyte Z370 Aorus Gaming 7,10499,6,2,4
Gigabyte Z370 Aorus Gaming 7 + 32GB Optane,10499,6,2,4
Gigabyte Z370 Aorus Gaming K3,0,6,2,4
Gigabyte Z370 Aorus Ultra Gaming,8959,6,2,4
Gigabyte Z370 Aorus Ultra Gaming 2.0,0,6,2,4
Gigabyte Z370 Aorus Ultra Gaming 2.0 + 32GB Optane,0,6,2,4
Gigabyte Z370 Aorus Ultra Gaming WiFi,8959,6,2,4
Gigabyte Z370 Aorus Ultra Gaming Wifi + 32GB Optane,11899,6,2,4
Gigabyte Z370 HD3 + 32GB Optane,0,6,2,4
Gigabyte Z370-HD3,0,6,2,4
Gigabyte Z370-HD3P,0,6,2,4
Gigabyte Z370M-D3H,0,6,2,4
Gigabyte Z370N-WIFI,0,6,2,2
Gigabyte Z390 Aorus Elite,9799,6,2,4
Gigabyte Z390 Aorus Master,11899,6,2,4
Gigabyte Z390 Aorus Master G2 Edition,0,6,2,4
Gigabyte Z390 Aorus Pro,10499,6,2,4
Gigabyte Z390 Aorus Pro WiFi,11899,6,2,4
Gigabyte Z390 Aorus Ultra,17499,6,2,4
Gigabyte Z390 Aorus Xtreme,38499,6,2,4
Gigabyte Z390 Aorus Xtreme Waterforce,62999,6,2,4
Gigabyte Z390 D,18899,6,2,4
Gigabyte Z390 Designare,11899,6,2,4
Gigabyte Z390 Gaming SLI,14347,6,2,4
Gigabyte Z390 Gaming X,8189,6,2,4
Gigabyte Z390 M,9939,6,2,4
Gigabyte Z390 M Gaming,9932,6,2,4
Gigabyte Z490 Aorus Master,16799,8,2,4
Gigabyte Z490 Aorus Pro AX,20930,8,2,4
Gigabyte Z490 Aorus Ultra,0,8,2,4
Gigabyte Z490 Aorus Ultra G2,0,8,2,4
Gigabyte Z490 Aorus XTreme,0,8,2,4
Gigabyte Z490 Aorus XTreme Waterforce,0,8,2,4
Gigabyte Z490 Gaming X,0,8,2,4
Gigabyte Z490 Gaming X AX,0,8,2,4
Gigabyte Z490 UD,10989,8,2,4
Gigabyte Z490 UD AC,11830,8,2,4
Gigabyte Z490 Vision D,0,8,2,4
Gigabyte Z490M,0,8,2,4
Gigabyte Z490M Gaming X,0,8,2,4
Gigabyte Z590 Aorus Elite AX,14279,8,2,4
Gigabyte Z590 Aorus Master,9099,8,2,4
Gigabyte Z590 Aorus Pro AX,11899,8,2,4
Gigabyte Z590 Aorus Ultra,0,8,2,4
Gigabyte Z590 Aorus XTreme,0,8,2,4
Gigabyte Z590 Aorus Xtreme Waterforce,0,8,2,4
Gigabyte Z590 D,0,8,2,4
Gigabyte Z590 Gaming X,0,8,2,4
Gigabyte Z590 UD AC,14699,8,2,4
Gigabyte Z590 Vision D,13299,8,2,4
Gigabyte Z590 Vision G,16099,8,2,4
Gigabyte Z590I Aorus Ultra,16099,8,2,2
Gigabyte Z590I Vision D,13999,8,2,2
Gigabyte Z590M,0,8,2,4
Gigabyte Z590M Gaming X,0,8,2,4
Gigabyte Z690 Aero G,0,9,3,4
Gigabyte Z690 Aorus Elite AX,20299,9,3,4
Gigabyte Z690 Aorus Tachyon,0,9,3,2
Gigabyte Z690 Aorus Ultra,0,9,3,4
Gigabyte Z690 Aorus Xtreme,0,9,3,4
Gigabyte Z690 Aorus Xtreme WB,0,9,3,4
Gigabyte Z690 Gaming X,0,9,3,4
Gigabyte Z690 Gaming X DDR4,15280,9,2,4
Gigabyte Z690 UD,0,9,3,4
Gigabyte Z690 UD DDR4,0,9,2,4
Gigabyte Z690I Aorus Ultra,0,9,3,2
Gigabyte Z690M A Elite AX DDR4,0,9,2,4
Gigabyte Z690M DS3H DDR4,0,9,2,4
GIGABYTE Z790 Aorus Elite AX,0,9,3,4
MSI 970 Gaming,0,13,1,4
MSI 970A Gaming Pro Carbons,0,13,1,4
MSI 970A-G43 Plus,0,13,1,4
MSI 990FXA Gaming,0,13,1,4
MSI A320M Bazooka,0,18,2,4
MSI A320M Grenade,0,18,2,2
"MSI A320M-A Pro Max, socket AM4",0,18,2,2
"MSI A320M-A Pro, socket AM4",3849,18,2,2
MSI A520M Pro,4899,18,2,2
MSI A520M PRO-VH,0,18,2,2
MSI A520M Vector WiFi,6299,18,2,2
MSI A520M-A Pro,4899,18,2,2
MSI A68HM-E33 V2,3499,16,1,2
MSI A88XM-E35 V2,0,16,1,2
MSI B150 Gaming M3,0,6,2,4
MSI B150 PC Mate,5389,6,2,4
MSI B150A Gaming Pro,0,6,2,4
MSI B150I Gaming Pro,0,6,2,2
MSI B150M Bazooka Plus,0,6,2,4
MSI B150M ECO USB3.1/SATA600/HDMI/DVI/VGA B150,0,6,2,2
MSI B150M Gaming Pro,0,6,2,2
MSI B150M Grenade USB3.1/HDMI/DVI/VGA/Turbo M.2 B150,0,6,2,2
MSI B150M Mortar Arctic,0,6,2,4
MSI B150M Night Elf,0,6,2,4
MSI B150M PRO-DDP,0,6,2,4
MSI B250 Gaming M3,0,6,2,4
MSI B250 Gaming Pro Carbon,0,6,2,4
MSI B250 KRAIT Gaming,0,6,2,4
MSI B250 PC MATE,0,6,2,4
MSI B250I Gaming Pro AC,0,6,2,2
MSI B250I Pro,0,6,2,2
MSI B250M Gaming Pro,0,6,2,2
MSI B250M Mortar Arctic,0,6,2,4
MSI B250M Pro-VD,0,6,2,2
MSI B250M Pro-VH,0,6,2,2
MSI B350 Gaming Pro Carbon,0,18,2,4
MSI B350 Krait Gaming,0,18,2,4
MSI B350 PC Mate,0,18,2,4
MSI B350 Tomahawk Arctic,0,18,2,4
MSI B350I Pro AC,0,18,2,2
MSI B350M Gaming Pro,0,18,2,2
MSI B350M Mortar,0,18,2,4
MSI B350M Mortar Arctic,0,18,2,4
MSI B350M Pro-VDH,0,18,2,4
MSI B360 Gaming Plus,6999,6,2,4
MSI B360 Gaming Pro Carbon,0,6,2,4
MSI B360-A Pro,0,6,2,4
MSI B360I Gaming Pro AC,0,6,2,2
MSI B360M Bazooka,0,6,2,4
MSI B360M Gaming Plus,0,6,2,2
MSI B360M Mortar Titanium,0,6,2,4
MSI B360M Pro-VD,0,6,2,2
MSI B360M Pro-VDH,7493,6,2,4
MSI B360M Pro-VH,0,6,2,2
"MSI B365M Pro-VH, socket 1151",3378,6,2,2
MSI B450 Gaming Plus,6582,18,2,4
"MSI B450 Gaming Pro Carbon AC, AMD B450",11199,18,2,4
MSI B450 Tomahawk Max II,7349,18,2,4
"MSI B450-A Pro Max, AMD B450-, socket AM4",6299,18,2,4
"MSI B450M Bazooka V2, AMD B450",0,18,2,4
MSI B450M Gaming Plus,6299,18,2,2
MSI B450M Pro-M2,5004,18,2,2
"MSI B450M Pro-M2 Max, AMD B450-, socket AM4",0,18,2,2
MSI B450M Pro-VDH,0,18,2,4
MSI B450M-A Pro Max,4479,18,2,2
MSI B460I Gaming Edge WiFi,10499,8,2,2
MSI B460M Pro,0,8,2,2
MSI B460M Pro-VDH WiFi,0,8,2,4
MSI B550M PRO,0,18,2,2
MSI B550M Pro-VDH,0,18,2,4
MSI B550M Pro-VDH WiFi,8364,18,2,4
MSI B560M Pro,5949,8,2,2
MSI B560M Pro WiFi,0,8,2,2
MSI B560M Pro-VDH,8399,8,2,4
MSI B560M Pro-VDH WiFi,0,8,2,4
MSI B560M-A Pro,0,8,2,2
MSI C236A Workstation USB3.1/M.2/DVI/HDMI/VGA,0,6,2,4
MSI C236M Workstation USB3.1/SATAe/DVI/HDMI/VGA,0,6,2,4
MSI Creator X299,82,7,2,8
MSI H110I Pro,0,6,2,2
MSI H110M ECO USB3.1/HDMI/DVI/VGA,0,6,2,2
MSI H110M Gaming,0,6,2,2
MSI H110M Grenade USB3.1 (Typ C)/DVI/VGA/HDMI/M.2,0,6,2,2
MSI H110M Pro-D USB3.1/DVI,0,6,2,2
MSI H110M PRO-VDP,0,6,2,2
MSI H110M Pro-VH USB3.1/VGA/HDMI,0,6,2,2
MSI H170 GAMING M3 USB3.1/HDMI/DVI/M.2/SATAe H170,0,6,2,4
MSI H170A Gaming Pro,0,6,2,4
MSI H170A PC Mate,0,6,2,4
MSI H170I Pro AC,0,6,2,2
MSI H170M Pro-DH,0,6,2,4
MSI H170M Pro-VDH,0,6,2,4
MSI H170M Pro-VDH D3 USB3.1/SATAe/R/VGA/HDMI/DVI H170,0,6,1,4
MSI H170M-A Pro,0,6,2,4
MSI H270 Gaming M3,0,6,2,4
MSI H270 Gaming Pro Carbon,0,6,2,4
MSI H270 PC MATE,0,6,2,4
MSI H270 Tomahawk ARCTIC,0,6,2,4
MSI H270I Gaming Pro AC,0,6,2,2
MSI H270M Bazooka,0,6,2,4
MSI H310-A Pro,5599,6,2,2
MSI H310M Gaming Plus,0,6,2,2
MSI H310M Pro-M2,4199,6,2,2
"MSI H310M Pro-M2 Plus, socket 1151",0,6,2,2
MSI H310M Pro-VD,0,6,2,2
"MSI H310M Pro-VD Plus, socket 1151",0,6,2,2
MSI H370 Gaming Plus,0,6,2,4
MSI H370 Gaming Pro Carbon,0,6,2,4
MSI H370M Bazooka,0,6,2,4
MSI H410M-A Pro,0,8,2,2
MSI H510I Pro WiFi,9099,8,2,2
MSI H510M Pro,0,8,2,2
MSI H510M-A Pro,0,8,2,2
MSI MAG B460 Tomahawk,0,8,2,4
MSI MAG B460M Bazooka,0,8,2,4
MSI MAG B460M Mortar,0,8,2,4
MSI MAG B460M Mortar WiFi,0,8,2,4
MSI MAG B550 Tomahawk,11899,18,2,4
MSI MAG B550M Bazooka,0,18,2,4
MSI MAG B550M Mortar,10780,18,2,4
MSI MAG B550M Mortar WiFi,11899,18,2,4
MSI MAG B560 Tomahawk WiFi,0,8,2,4
MSI MAG B560 Torpedo,0,8,2,4
MSI MAG B560M Bazooka,9799,8,2,4
MSI MAG B560M Mortar,7699,8,2,4
MSI MAG B560M Mortar WiFi,0,8,2,4
MSI MAG B660 TOMAHAWK WIFI,0,9,3,4
MSI MAG B660 TOMAHAWK WIFI DDR4,13299,9,2,4
MSI MAG B660M BAZOOKA DDR4,9099,9,2,4
MSI MAG B660M MORTAR,0,9,3,4
MSI MAG B660M MORTAR DDR4,0,9,2,4
MSI MAG B660M MORTAR WIFI,0,9,3,4
MSI MAG H670 TOMAHAWK WIFI DDR4,0,9,2,4
MSI MAG X570S Tomahawk WiFi,16099,18,2,4
MSI MAG X570S Torpedo Max,0,18,2,4
MSI MAG Z390 Tomahawk,11163,6,2,4
MSI MAG Z390M Mortar,0,6,2,4
MSI MAG Z490 Tomahawk,9099,8,2,4
MSI MAG Z590 Tomahawk WiFi,10499,8,2,4
MSI MAG Z590 Torpedo,15578,8,2,4
MSI MAG Z690M Mortar WiFi,0,9,3,4
MSI MEG B550 Unify,19853,18,2,4
MSI MEG B550 Unify-X,0,18,2,2
"MSI MEG X570 ACE, AMD X570",27999,18,2,4
"MSI MEG X570 Godlike, AMD X570",48999,18,2,4
"MSI MEG X570 Unifiy, AMD X570-, socket AM4",20999,18,2,4
MSI MEG X570S ACE Max,26728,18,2,4
MSI MEG X570S Unify-X Max,0,18,2,2
MSI MEG Z390 ACE,20131,6,2,4
MSI MEG Z390 Godlike,40558,6,2,4
MSI MEG Z490 ACE,19599,8,2,4
MSI MEG Z490 Godlike,31499,8,2,4
MSI MEG Z590 ACE,18899,8,2,4
MSI MEG Z590 ACE Gold Edition,16799,8,2,4
MSI MEG Z590 Godlike,0,8,2,4
MSI MEG Z590 Unify,0,8,2,4
MSI MEG Z590 Unify-X,0,8,2,2
MSI MEG Z590I Unify,25899,8,2,2
MSI MEG Z690 ACE,0,9,3,4
MSI MEG Z690 Godlike,0,9,3,4
MSI MEG Z690 Unifiy,0,9,3,4
MSI MEG Z690 Unify-X,0,9,3,2
MSI MEG Z690I Unify,0,9,3,2
MSI MPG B550 Gaming Carbon WiFi,0,18,2,4
MSI MPG B550 Gaming Edge WiFi,0,18,2,4
MSI MPG B550 Gaming Plus,0,18,2,4
MSI MPG B550I Gaming Edge Max WiFi,0,18,2,2
MSI MPG B550I Gaming Edge WiFi,0,18,2,2
MSI MPG B560I Gaming Edge WiFi,10499,8,2,2
"MSI MPG X570 Gaming Edge WiFi, AMD X570",13649,18,2,4
"MSI MPG X570 Gaming Plus, AMD X570",11899,18,2,4
"MSI MPG X570 Gaming Pro Carbon WiFi, AMD X570",18199,18,2,4
MSI MPG X570S Carbon EK X,0,18,2,4
MSI MPG X570S Carbon Max WiFi,18899,18,2,4
MSI MPG X570S Edge Max WiFi,16099,18,2,4
MSI MPG Z390 Gaming Edge AC,11339,6,2,4
MSI MPG Z390 Gaming Plus,9449,6,2,4
MSI MPG Z390 Gaming Pro Carbon,13886,6,2,4
MSI MPG Z390 Gaming Pro Carbon AC,8399,6,2,4
MSI MPG Z390I Gaming Edge AC,11129,6,2,2
MSI MPG Z390M Gaming Edge AC,12669,6,2,4
MSI MPG Z490 Carbon EK X,0,8,2,4
MSI MPG Z490 Gaming Carbon WiFi,0,8,2,4
MSI MPG Z490 Gaming Edge WiFi,9799,8,2,4
MSI MPG Z490 Gaming Plus,9099,8,2,4
MSI MPG Z590 Gaming Carbon WiFi,12599,8,2,4
MSI MPG Z590 Gaming Edge WiFi,13299,8,2,4
MSI MPG Z590 Gaming Force,8399,8,2,4
MSI MPG Z590 Gaming Plus,7699,8,2,4
MSI MPG Z590M Gaming Edge Wifi,0,8,2,4
MSI MPG Z690 CARBON EK X,0,9,3,4
MSI MPG Z690 Carbon WiFi,0,9,3,4
MSI MPG Z690 Edge WiFi,0,9,3,4
MSI MPG Z690 Edge WiFi DDR4,0,9,2,4
MSI MPG Z690 Force WiFi,0,9,3,4
"MSI Prestige X570 Creation, AMD X570",34999,18,2,4
MSI PRO B660M-A DDR4,9799,9,2,4
MSI PRO B660M-A WIFI DDR4,10499,9,2,4
MSI PRO B660M-B DDR4,0,9,2,2
MSI PRO B660M-E DDR4,0,9,2,2
MSI PRO B660M-G DDR4,6999,9,2,2
MSI Pro B760-P WiFi DDR4,0,9,2,4
MSI Pro B760M-A WiFi DDR4,10499,9,2,4
MSI Pro B760M-G DDR4,0,9,2,2
MSI PRO H410M-B,0,8,2,2
MSI PRO H610M-B DDR4,0,9,2,2
MSI PRO H610M-G DDR4,0,9,2,2
MSI Pro X670-P Wifi,19949,22,3,4
MSI Pro Z690-A WiFi,0,9,3,4
MSI Pro Z690-P DDR4,0,9,2,4
MSI X299 Gaming M7 ACK,0,7,2,8
MSI X299 Gaming Pro Carbon,23099,7,2,8
MSI X299 Gaming Pro Carbon AC,0,7,2,8
MSI X299 PRO,0,7,2,8
MSI X299 Pro 10G,0,7,2,8
MSI X299 Raider,0,7,2,8
MSI X299 SLI Plus,0,7,2,8
MSI X299 Tomahawk,0,7,2,8
MSI X299 Tomahawk AC,0,7,2,8
MSI X299 Tomahawk Arctic,0,7,2,8
MSI X299 XPower Gaming AC,0,7,2,8
MSI X370 Gaming Plus,0,18,2,4
MSI X370 Gaming Pro,11060,18,2,4
MSI X370 Gaming Pro Carbon,8329,18,2,4
MSI X370 Krait Gaming,0,18,2,4
MSI X370 SLI Plus,0,18,2,4
MSI X370 Xpower Gaming Titanium,13930,18,2,4
MSI X399 SLI Plus,30851,19,2,8
MSI X470 Gaming M7 AC,0,18,2,4
MSI X470 Gaming Plus,0,18,2,4
"MSI X470 Gaming Plus Max, AMD X470-, socket AM4",7699,18,2,4
MSI X470 Gaming Pro,11840,18,2,4
MSI X470 Gaming Pro Carbon,0,18,2,4
MSI X470 Gaming Pro Carbon AC,0,18,2,4
"MSI X470 Gaming Pro Max, AMD X470-, socket AM4",0,18,2,4
"MSI X570-A Pro, AMD X570",11199,18,2,4
MSI Z170A Gaming M3,0,6,2,4
MSI Z170A Gaming M5,0,6,2,4
MSI Z170A Gaming Pro Carbon,0,6,2,4
MSI Z170A Krait Gaming 3X,0,6,2,4
MSI Z170A MPower Gaming Titanium,0,6,2,4
MSI Z170A SLI,0,6,2,4
MSI Z170A SLI Plus,0,6,2,4
MSI Z170A Tomahawk USB3.1/DVI/HDMI/M.2/SATAe,0,6,2,4
MSI Z170A XPower Gaming Titanium,0,6,2,4
MSI Z170I Gaming Pro AC,0,6,2,2
MSI Z170M Mortar,0,6,2,4
MSI Z270 Gaming M3,0,6,2,4
MSI Z270 Gaming M5,0,6,2,4
MSI Z270 Gaming M7,17499,6,2,4
MSI Z270 Gaming Pro,0,6,2,4
MSI Z270 Mpower Gaming Titanium,0,6,2,4
MSI Z270 Tomahawk Arctic,0,6,2,4
MSI Z270I Gaming Pro Carbon AC,11900,6,2,2
MSI Z270M Mortar,0,6,2,4
MSI Z370 Gaming M5,0,6,2,4
MSI Z370 Gaming Pro Carbon,0,6,2,4
MSI Z370 Gaming Pro Carbon AC,0,6,2,4
MSI Z370 Godlike Gaming,0,6,2,4
MSI Z370 Krait Gaming,0,6,2,4
MSI Z370 PC Pro,9712,6,2,4
MSI Z370 Tomahawk,0,6,2,4
MSI Z370I Gaming Pro Carbon AC,0,6,2,2
MSI Z370M Gaming Pro AC,0,6,2,4
MSI Z390-A Pro,9099,6,2,4
MSI Z490-A Pro,7769,8,2,4
MSI Z590 Pro WiFi,13299,8,2,4
MSI Z590-A Pro,11899,8,2,4
"NZXT N7 Z370, black",16804,6,2,4
"NZXT N7 Z370, white",19565,6,2,4
"NZXT N7 Z390 Intel Z390 , black",0,6,2,4
"NZXT N7 Z390 Intel Z390 , white",17499,6,2,4
Supermicro Supero C7Z370-CG-L Single,13230,6,2,4
