name,price,voltage
Seasonic Core GM 80 Plus Gold semi-modular,6649,650
Aerocool Project 7,0,750
Aerocool Project 7,0,650
be quiet! Dark Power Pro P11 modular,0,750
be quiet! Dark Power Pro P11 modular,0,1200
be quiet! Dark Power Pro P11 modular,0,1000
be quiet! Dark Power Pro P11 modular,0,850
be quiet! Pure Power 11 80 PLUS Bronze,0,300
be quiet! Pure Power 11 80 PLUS Gold,0,500
be quiet! Pure Power 11 80 PLUS Gold,0,400
be quiet! Pure Power 11 80 PLUS Gold,0,600
be quiet! Pure Power 11 80 PLUS Gold,0,700
be quiet! Pure Power 11 CM 80 PLUS Gold,0,500
be quiet! Pure Power 11 CM 80 PLUS Gold,0,400
be quiet! Pure Power 11 CM 80 PLUS Gold,0,600
be quiet! Pure Power 11 CM 80 PLUS Gold,0,700
be quiet! Straight Power 11,0,850
be quiet! Straight Power 11,0,1000
BitFenix Formula 80 PLUS Gold,0,550
BitFenix Formula 80 PLUS Gold,0,650
BitFenix Formula 80 PLUS Gold,4982,450
BitFenix Whisper M 80 PLUS Gold,0,650
BitFenix Whisper M 80 PLUS Gold,0,850
BitFenix Whisper M 80 PLUS Gold,5827,450
BitFenix Whisper M 80 PLUS Gold,6671,550
Cooler Master MasterWatt,0,450
Corsair CX450,3849,450
Corsair CX450M,4899,450
Corsair CX550,4549,550
Corsair RM Series RM1000i,0,1000
Corsair RM Series RM650,8048,650
Corsair RM Series RM750,9096,750
Corsair RM Series RM850,8049,850
Corsair RM Series RM850i,0,850
Corsair RM550x,7699,550
Corsair RM750x,9099,750
Corsair RMX Series RM1000x,13999,1000
Corsair RMX Series RM750x,9449,750
Corsair RMX Series RM850x,10499,850
Corsair RMX Series RMX550,0,550
Corsair RMX Series RMX550x,0,550
Corsair RMX Series RMX650,0,650
Corsair RMX Series RMX650x,0,650
Corsair RMX Series RMX750,0,750
Corsair RMX Series RMX850,0,850
Corsair SF Series SF450 80 PLUS Gold SFX,0,450
Corsair TX550M,6999,550
Corsair TX550M Series Modular,0,550
Corsair TX650M,6649,650
Corsair TX650M Series Modular,0,650
Corsair TX750M,7699,750
Corsair TX750M Series Modular,0,750
Corsair TX850M,7699,850
Corsair TX850M Series Modular,0,850
Corsair Vengeance Series V500,0,500
Corsair Vengeance Series V550M,0,550
Cougar VTX,0,450
EVGA 450B,0,450
EVGA 500B,0,500
EVGA SuperNOVA 550 G3,5599,550
EVGA SuperNOVA 650 G3,6299,650
EVGA Supernova 750 G2L,0,750
EVGA SuperNOVA 750 G3,9378,750
EVGA SuperNOVA 850 G2,10268,850
EVGA SuperNOVA G2,0,1600
EVGA SuperNOVA G2,0,1300
EVGA SuperNOVA G2,0,1000
EVGA SuperNOVA G2,0,650
EVGA SuperNOVA G2,0,750
EVGA SuperNOVA G2,0,550
EVGA SuperNOVA G3,0,1000
EVGA SuperNOVA G3,0,750
EVGA SuperNOVA P2,0,850
EVGA SuperNOVA P2,0,1000
EVGA SuperNOVA P2,0,750
EVGA SuperNOVA P2 80 PLUS Platinum,0,650
Kolink Enclave 80 PLUS Gold,0,500
Kolink SFX-250,0,250
Kolink SFX-350,0,350
PHANTEKS AMP 80 PLUS Gold,6789,550
PHANTEKS AMP 80 PLUS Gold,7419,650
Seasonic Core GC 80 Plus Gold,0,650
Seasonic Core GC 80 PLUS Gold,0,500
Seasonic Core GM 80 PLUS Gold,5599,500
Seasonic FOCUS 550 GOLD,7559,550
Seasonic Focus GX 80 Plus Gold,8399,750
Seasonic Focus GX 80 Plus Gold,8399,550
Seasonic Focus GX 80 Plus Gold,9099,650
Seasonic Focus GX 80 PLUS Gold,11199,850
Seasonic Focus PX 80 Plus Platinum 750 Watt,10430,750
Seasonic P-Series Fanless 80 PLUS Platinum,8197,400
Seasonic PRIME 650 GOLD,7345,650
Seasonic PRIME 750 W Platinum,10493,750
Seasonic Prime PX 80 PLUS Platinum,0,650
Seasonic Prime Ultra 80 PLUS Platinum,9449,650
Seasonic Snow Silent,0,1050
Silverstone SST-ST45SF V2.0 Strider Series SFX,5599,450
Silverstone SST-SX500-LG v2.0 SFX-L 80 PLUS Gold,0,500
Silverstone SST-SX600-G Strider Gold Series,8549,600
Silverstone SST-SX800-LTI SFX-L 80 PLUS Titanium,15259,800
Super Flower Golden Green HX,0,450
Super Flower Golden Green HX,0,550
Super Flower Leadex 80 PLUS Platinum black,0,650
Super Flower Leadex II,0,750
Super Flower Leadex II,0,650
Super Flower Leadex II,0,750
Super Flower Leadex II,0,650
Super Flower Leadex III 80 PLUS Gold,0,550
Super Flower Leadex III 80 PLUS Gold,0,650
Super Flower Leadex III 80 PLUS Gold,0,750
Super Flower Leadex III 80 PLUS Gold,0,850
Super Flower Leadex III ARGB 80 PLUS Gold,0,850
Super Flower Leadex III ARGB 80 PLUS Gold,0,750
Super Flower Leadex III ARGB 80 PLUS Gold,0,650
Super Flower Leadex III ARGB 80 PLUS Gold,0,550
Super Flower Platinum King,0,650
Super Flower Platinum King,0,450
Super Flower Platinum King,0,550
Aerocool Aero Bronze 500W 80 PLUS Bronze,0,500
Aerocool Aero Bronze 550M 80 PLUS Bronze,0,550
Aerocool Aero Bronze 550W 80 PLUS Bronze,0,550
Aerocool Aero Bronze 600W 80 PLUS Bronze,0,600
Aerocool Aero Bronze 650M 80 PLUS Bronze,0,650
Aerocool Aero Bronze 650W 80 PLUS Bronze,0,650
Aerocool Aero Bronze 700W 80 PLUS Bronze,0,700
Aerocool Aero Bronze 750M 80 PLUS Bronze,0,750
Aerocool Aero Bronze 750W 80 PLUS Bronze,0,750
Aerocool Aero Bronze 850M 80 PLUS Bronze,0,850
Aerocool Aero Cylon 400W 80 PLUS,0,400
Aerocool Aero White 500 80 PLUS,0,500
Aerocool Aero White 550 80 PLUS,0,550
Aerocool Aero White 600 80 PLUS,0,600
Aerocool Aero White 650 80 PLUS,0,650
Aerocool Aero White 700 80 PLUS,0,700
Aerocool Cylon RGB 500W 80 PLUS,0,500
Aerocool Cylon RGB 600W 80 PLUS,0,600
Aerocool Cylon RGB 700W 80 PLUS,0,700
Aerocool Project 7,12599,850
Aerocool Xpredator 400 80 PLUS Bronze,0,400
Aerocool Xpredator 500,0,500
Aerocool Xpredator 600,0,600
Aerocool Xpredator 700,0,700
Aerocool Xpredator 750M,0,750
Aerocool Xpredator Gold 650GM,0,650
Akasa,0,90
Akasa 80 Watt DC-DC-Wandlerplatine 12 V,0,80
Akasa externes Mini-ITX Systeme 12V,0,84
Akasa PD150-02K externes,0,150
Antec EAG Pro 550W 80 PLUS Gold,0,550
Antec EAG Pro 650W 80 PLUS Gold,0,650
Antec EAG Pro 750W 80 PLUS Gold,0,750
Antec EDGE EDG550,0,550
Antec EDGE EDG650,0,650
Antec EDGE EDG750,0,750
Antec High Current Gamer,6999,520
Antec High Current Gamer,6999,620
Antec High Current Gamer HCG-620M,0,620
Antec High Current Gamer HCG-750M,0,750
Antec High Current Gamer HCG-850M,0,850
Antec High Current Gamer HCG650 80 PLUS Gold,0,650
Antec High Current Gamer HCG750 80 PLUS Gold,0,750
Antec High Current Gamer HCG850 80Plus Gold,0,850
Antec High Current Pro HCP-1000 Platinum,0,1000
Antec High Current Pro HCP-1300 Platinum,0,1300
Antec High Current Pro HCP-850 Platinum,0,850
Antec NE450M EC Semi Modular,0,450
Antec NE550M EC Semi Modular,0,550
Antec NE650M EC Semi Modular,0,650
Antec True Power TP550C,0,550
Antec True Power TP650C,0,650
Antec True Power TP750C,0,750
Antec VP Strictly Power,0,450
ASUS ROG Strix 1000G,0,1000
ASUS ROG Strix 550G 80 PLUS Gold,0,550
ASUS ROG Strix 650G 80 PLUS Gold,0,650
ASUS ROG Strix 750G 80 PLUS Gold,0,750
ASUS ROG Thor 80 PLUS Platinum,0,850
ASUS ROG Thor 80 PLUS Platinum,0,1200
ASUS TUF Gaming 650B 80 PLUS Bronze,0,650
be quiet! Dark Power 12,0,1000
be quiet! Dark Power 12,0,850
be quiet! Dark Power 12,0,750
be quiet! Dark Power Pro 12,0,1200
be quiet! Dark Power Pro 12,0,1500
be quiet! Dark Power Pro P11 modular,0,650
be quiet! Dark Power Pro P11 modular,0,550
be quiet! Power Zone,0,1000
be quiet! Power Zone,0,850
be quiet! Power Zone 80 PLUS Bronze,0,650
be quiet! Power Zone 80 PLUS Bronze,0,750
be quiet! Pure Power 10,0,700
be quiet! Pure Power 10,0,600
be quiet! Pure Power 10,0,400
be quiet! Pure Power 10,0,350
be quiet! Pure Power 10,0,300
be quiet! Pure Power 10,0,500
be quiet! Pure Power 10 CM,0,700
be quiet! Pure Power 10 CM,0,600
be quiet! Pure Power 10 CM,0,400
be quiet! Pure Power 10 CM,0,500
be quiet! Pure Power 11 FM,0,1000
be quiet! Pure Power 11 FM,0,850
be quiet! Pure Power 11 FM,0,650
be quiet! Pure Power 11 FM,0,550
be quiet! Pure Power 11 FM,0,750
be quiet! SFX Power 2 80 PLUS Bronze,0,300
be quiet! SFX Power 2 80 PLUS Bronze,0,400
be quiet! SFX Power 3,0,300
be quiet! SFX Power 3,0,450
be quiet! SFX-L Power,0,600
be quiet! SFX-L Power,0,500
be quiet! SFX-L Power 80 PLUS Gold,0,500
be quiet! SFX-L Power 80 PLUS Gold,0,600
be quiet! Straight Power 10,0,700
be quiet! Straight Power 10,0,600
be quiet! Straight Power 10,0,500
be quiet! Straight Power 10,0,400
be quiet! Straight Power 10 CM,0,600
be quiet! Straight Power 10 CM,0,700
be quiet! Straight Power 10 CM,0,800
be quiet! Straight Power 10 CM,0,500
be quiet! Straight Power 11,0,850
be quiet! Straight Power 11,0,1200
be quiet! Straight Power 11,0,1000
be quiet! Straight Power 11,0,750
be quiet! Straight Power 11,0,650
be quiet! Straight Power 11,0,550
be quiet! Straight Power 11 80 PLUS Gold,0,450
be quiet! Straight Power 11 80 PLUS Gold,0,650
be quiet! Straight Power 11 80 PLUS Gold,0,550
be quiet! Straight Power 11 80 PLUS Gold,9309,750
be quiet! System Power 8,0,600
be quiet! System Power 8,0,400
be quiet! System Power 8,0,500
be quiet! System Power 9 80 PLUS Bronze,0,400
be quiet! System Power 9 80 PLUS Bronze,0,500
be quiet! System Power 9 80 PLUS Bronze,0,600
be quiet! System Power 9 80 PLUS Bronze,0,700
be quiet! System Power 9 CM,0,600
be quiet! System Power 9 CM,0,700
be quiet! System Power 9 CM,0,500
be quiet! System Power 9 CM,0,400
be quiet! System Power B8,0,300
be quiet! System Power B8,0,550
be quiet! System Power B8,0,450
be quiet! System Power B8,0,350
be quiet! System Power B9 80 PLUS Bronze,0,300
be quiet! System Power B9 80 PLUS Bronze,0,350
be quiet! System Power B9 80 PLUS Bronze,0,450
be quiet! System Power B9 80 PLUS Bronze,0,600
be quiet! TFX Power 2 80 PLUS Bronze,0,300
be quiet! TFX Power 2 80 PLUS Gold,0,300
be quiet! TFX Power 3,0,300
be quiet! TFX Power 3,0,300
BitFenix Formula 80 PLUS Gold,4694,750
BitFenix Whisper M 80 PLUS Gold,0,750
Chieftec A-90 Serie GDP-550C 90 Plus Gold,0,550
Chieftec A-90 Serie GDP-650C 90 Plus Gold,0,650
Chieftec A-90 Serie GDP-750C 90 Plus Gold,0,750
Chieftec CDP-085ITX 85 Watt AC-DC Adapter inkl. Wandlerplatine,0,85
Chieftec CDP-120ITX 120 Watt AC-DC Adapter inkl. Wandlerplatine,0,120
Chieftec CSN-550C SFX,0,550
Chieftec CSN-650C SFX,0,650
Chieftec Force CPS-400S,0,400
Chieftec Force CPS-500S,0,500
Chieftec Force CPS-650S,0,650
Chieftec Force CPS-750S,0,750
Chieftec IArena Serie GPA-350B8,0,350
Chieftec IArena Serie GPA-350S8,0,350
Chieftec IArena Serie GPA-400B8,0,400
Chieftec IArena Serie GPA-400S8,0,400
Chieftec IArena Serie GPA-450B8,0,450
Chieftec IArena Serie GPA-450S8,0,450
Chieftec IArena Serie GPA-500S8,0,500
Chieftec IArena Serie GPB-300S,0,300
Chieftec IArena Serie GPB-350S,0,350
Chieftec IArena Serie GPB-400S,0,400
Chieftec IArena Serie GPB-450S,0,450
Chieftec IArena Serie GPB-500S,0,500
Chieftec MRG-5800V redundantes 80 PLUS - 2x 800 Watt,0,800
Chieftec MRG-6500P - 2x 500 Watt,0,500
Chieftec MRT-5320G redundantes 80 PLUS Gold - 2x 320 Watt,0,320
Chieftec Navitas,0,1250
Chieftec Navitas 80 PLUS Gold,0,1000
Chieftec Navitas Serie GPM-450S,0,450
Chieftec Navitas Serie GPM-550S,0,550
Chieftec Navitas Serie GPM-650S,0,650
Chieftec Navitas Serie GPM-750S,0,750
Chieftec Power Smart 80 PLUS Gold,0,1250
Chieftec Power Smart 80 PLUS Gold,0,1450
Chieftec Power Smart 80 PLUS Gold,0,1350
Chieftec PSF-400B 80 PLUS Bronze,0,400
Chieftec Smart Serie GPS-400A8,0,400
Chieftec Smart Serie GPS-500A8,0,500
Chieftec Smart Serie GPS-600A8,0,600
Chieftec Smart Serie GPS-700A8,0,700
Chieftec Smart Serie SFX-350BS,0,350
Chieftec Smart Serie SFX-450BS,0,450
Chieftec Smart Serie SFX-500GD-C,0,500
Chieftec Smart Series TFX 250P 80 PLUS Bronze,0,250
Cooler Master MasterWatt,0,550
Cooler Master MasterWatt 80 PLUS-Bronze,0,750
Cooler Master MasterWatt 80 PLUS-Bronze,0,650
Corsair AX1000 High Performance,0,1000
Corsair AX1500i Digital ATX Power Supply,31499,1500
Corsair AX760i Digital ATX Power Supply,16099,760
Corsair AX850 High Performance,0,850
Corsair Builder Series CX450,0,450
Corsair Builder Series CX450M Modular,0,450
Corsair Builder Series CX500,0,500
Corsair Builder Series CX550,0,550
Corsair Builder Series CX550M Modular,0,550
Corsair Builder Series CX600,0,600
Corsair Builder Series CX650,0,650
Corsair Builder Series CX650M Modular,0,650
Corsair Builder Series CX750,0,750
Corsair Builder Series CX750 Rev. 2,0,750
Corsair Builder Series CX750M Modular,0,750
Corsair Builder Series CX850M Modular,0,850
Corsair CS-M Series CS550M Modular,0,550
Corsair CS-M Series CS650M Modular,0,650
Corsair CS-M Series CS750M Modular,0,750
Corsair CS-M Series CS850M Modular,0,850
Corsair CV Series CV450,0,450
Corsair CV Series CV550,0,550
Corsair CV Series CV650,0,650
Corsair CV Series CV650 Dual EPS,0,650
Corsair CX550F RGB,0,550
Corsair CX550F RGB,0,550
Corsair CX550M,5105,550
Corsair CX650,5402,650
Corsair CX650F RGB,0,650
Corsair CX650F RGB,0,650
Corsair CX650M,3359,650
Corsair CX750,6136,750
Corsair CX750F RGB,0,750
Corsair CX750F RGB,0,750
Corsair CX750M,3709,750
Corsair CX850M,6159,850
Corsair HX1000,17849,1000
Corsair HX1000 High Performance,0,1000
Corsair HX1000i High Performance,0,1000
Corsair HX1000i High-Performance ATX Power Supply,18404,1000
Corsair HX1200 High Performance,0,1200
Corsair HX1200i High Performance,0,1200
Corsair HX750,10149,750
Corsair HX750 High Performance,0,750
Corsair HX750i High Performance,0,750
Corsair HX750i High-Performance ATX Power Supply,13649,750
Corsair HX850,11199,850
Corsair HX850 High Performance,0,850
Corsair HX850i High Performance,0,850
Corsair HX850i High-Performance ATX Power Supply,15749,850
Corsair HXi Series HX1000i,0,1000
Corsair HXi Series HX1500i,0,1500
Corsair Professional Platinum Series AX1200i,0,1200
Corsair Professional Platinum Series AX1500i,0,1500
Corsair Professional Platinum Series AX1600i,0,1600
Corsair Professional Platinum Series AX760,0,760
Corsair Professional Platinum Series AX860,0,860
Corsair Professional Platinum Series AX860I,0,860
Corsair RM Series RM650i,0,650
Corsair RM Series RM750 (2021),0,750
Corsair RM Series RM750i,0,750
Corsair RM Series RM850 (2021),0,850
Corsair RM1000,13999,1000
Corsair RM1000x,14349,1000
Corsair RM650i,6859,650
Corsair RM650x,6999,650
Corsair RM850i,11199,850
Corsair RM850x,10499,850
Corsair RM850x,11899,850
Corsair RMe Series RM750e,0,750
Corsair RMX Series (2021) RM1000x,0,1000
Corsair RMX Series (2021) RM550x,2359,550
Corsair RMX Series (2021) RM650x,0,650
Corsair RMX Series (2021) RM750x,0,750
Corsair RMX Series 2018 RMX750 - white,0,750
Corsair RMX Series 2018 RMX850,0,850
Corsair RMX Series RMX750 - white,0,750
Corsair RMX Series RMX850,0,850
Corsair SF Series SF450 80 PLUS Platinum SFX,0,450
Corsair SF Series SF600 80 PLUS Gold SFX,0,600
Corsair SF Series SF600 80 PLUS Platinum SFX,0,600
Corsair SF Series SF750 80 PLUS Platinum SFX,0,750
Corsair SF450,7826,450
Corsair SF600,8399,600
Corsair Vengeance Series V650M,0,650
Corsair VS Series VS350,0,350
Corsair VS Series VS450,0,450
Corsair VS Series VS450,0,450
Corsair VS Series VS550,3847,550
Corsair VS Series VS550,3847,550
Corsair VS Series VS650,0,650
Corsair VS Series VS650,0,650
Corsair VS400,2099,400
Corsair VS500,2799,500
Corsair VS600,3499,600
Cougar CMD 500 digitales,0,500
Cougar CMD 600 digitales,0,600
Cougar GX 1050 V3,0,1050
Cougar GX 600 V3,0,600
Cougar GX 800 V3,0,800
Cougar GX-F,0,750
Cougar GX-F,0,650
Cougar GX-F,8348,550
Cougar GX-S,0,750
Cougar GX-S,0,650
Cougar GX-S,0,550
Cougar GX-S,0,450
Cougar LX500,0,500
Cougar LX600,0,600
Cougar STX,0,750
Cougar STX,0,550
Cougar STX,0,650
Cougar STX,0,450
Cougar STX,0,350
Cougar VTX,0,700
Cougar VTX,0,600
Cougar VTX,0,500
Cougar VTX,0,400
Enermax Digifanless digitales,16099,550
Enermax Maxpro,0,500
Enermax Platimax,0,750
Enermax Platimax,0,1000
Enermax Platimax,0,1700
Enermax Platimax,8490,850
Enermax Platimax D.F.,7699,600
Enermax Platimax D.F. 80 PLUS Platin,0,500
Enermax Revolution87+,0,850
EVGA,6299,430
EVGA 1000GQ,9099,1000
EVGA 400 N1,3149,400
EVGA 430 W1,3362,430
EVGA 450 B3,4199,450
EVGA 450 BT,3849,450
EVGA 450 BV,2962,450
EVGA 500 B1,3149,500
EVGA 500 BQ,3499,500
EVGA 500 BV,3786,500
EVGA 500 W1,2449,500
EVGA 550 B3,5403,550
EVGA 550 N1,3149,550
EVGA 600 B1,3693,600
EVGA 600 BQ,3849,600
EVGA 600 W1,4409,600
EVGA 650 B3,6299,650
EVGA 650 BQ,6299,650
EVGA 650 GQ,8399,650
EVGA 650 N1,3499,650
EVGA 700 B1,5599,700
EVGA 700B,0,700
EVGA 750 B3,6299,750
EVGA 750 GQ,4899,750
EVGA 750 N1,3849,750
EVGA 850 B3,7696,850
EVGA 850 BQ,4549,850
EVGA 850 GQ,7349,850
EVGA B3,0,850
EVGA B3,0,750
EVGA B3,0,650
EVGA B3,0,550
EVGA B3,0,450
EVGA BQ,0,850
EVGA BQ,0,750
EVGA BQ,0,650
EVGA BQ,0,600
EVGA BQ,0,500
EVGA SuperNOVA 1000 G2,11130,1000
EVGA SuperNOVA 1000 P2,11899,1000
EVGA SuperNOVA 1000 PS,0,1000
EVGA SuperNOVA 1000 T2,16099,1000
EVGA SuperNOVA 1050 GS,4899,1050
EVGA SuperNOVA 1200 P2,17499,1200
EVGA SuperNOVA 1300 G2,6999,1300
EVGA SuperNOVA 1600 G2,24665,1600
EVGA SuperNOVA 1600 P2,34999,1600
EVGA SuperNOVA 1600 T2,33599,1600
EVGA SuperNOVA 550 G2,5216,550
EVGA SuperNOVA 550 GS,5777,550
EVGA SuperNOVA 650 G1,7567,650
EVGA SuperNOVA 650 G2,8399,650
EVGA SuperNOVA 650 P2,12179,650
EVGA SuperNOVA 750 B1,4549,750
EVGA SuperNOVA 750 B2,8620,750
EVGA SuperNOVA 750 G1,7699,750
EVGA SuperNOVA 750 G2,8049,750
EVGA SuperNOVA 750 P2,11199,750
EVGA SuperNOVA 750 T2,12388,750
EVGA SuperNOVA 850 B2,0,850
EVGA Supernova 850 G2L,6422,850
EVGA SuperNOVA 850 G3,12599,850
EVGA SuperNOVA 850 GS,8820,850
EVGA SuperNOVA 850 P2,16799,850
EVGA SuperNOVA 850 T2,16099,850
EVGA SuperNOVA G1,0,1000
EVGA SuperNOVA G1,0,650
EVGA SuperNOVA G2,0,850
EVGA SuperNOVA G2L,0,850
EVGA SuperNOVA G2L 80 PLUS Gold,0,750
EVGA SuperNOVA G3,0,550
EVGA SuperNOVA G3,6663,650
EVGA SuperNOVA G3,9099,850
EVGA SuperNOVA GQ,0,1000
EVGA SuperNOVA GQ,0,850
EVGA SuperNOVA GQ,0,750
EVGA SuperNOVA GQ,0,650
EVGA SuperNOVA GS 550,0,550
EVGA SuperNOVA P2,0,1200
EVGA SuperNOVA P2,0,1600
EVGA SuperNOVA T2,0,1600
EVGA SuperNOVA T2,0,1000
EVGA SuperNOVA T2,0,850
EVGA W1,0,600
Fractal Design Ion SFX,6299,650
Fractal Design Ion SFX,6299,500
Fractal Design Ion+ Platinum,0,660
Fractal Design Ion+ Platinum,0,760
Fractal Design Ion+ Platinum,0,560
Fractal Design Ion+ Platinum,0,860
Gigabyte Aorus P750W,11199,750
Gigabyte Aorus P850W,12599,850
Gigabyte B700H 80 PLUS Bronze,4899,700
Gigabyte G750H 80 PLUS Gold,4619,750
Gigabyte P450B,2799,450
Gigabyte P550B,4899,550
Gigabyte P850GM,7979,850
Gigabyte PB500,3429,500
Gigabyte PW400,3149,400
Gigabyte UD1000GM PG5,0,1000
Gigabyte XP1200M,19599,1200
Impactics 65 Watt AC-DC Adapter f√ºr D1NU-Serie,0,65
Impactics 84 Watt AC-DC Adapter inkl. 130 Watt Wandlerplatine,0,84
IN WIN Classic C750 80Plus Platinum,0,750
IN WIN Classic C900 80Plus Platinum,0,900
IN WIN GreenMe,0,750
IN WIN GreenMe,0,550
IN WIN GreenMe,0,650
IN WIN Power Man IP-P1K0BK7-2,0,1000
IN WIN Power Man IP-P1K2BK7-2,0,1200
InWin DESERT FOX Commander III 80 PLUS Gold,8298,600
InWin IP-AD180-2 H 80 Plus Bronze,0,180
InWin Power Man IP-S550HQ3-2 80 PLUS Bronze,0,550
InWin Power Man IP-S650HQ3-2 80 PLUS Bronze,0,650
Kolink Classic Power 80 PLUS Bronze,0,700
Kolink Classic Power 80 PLUS Bronze,0,600
Kolink Classic Power 80 PLUS Bronze,0,500
Kolink Classic Power 80 PLUS Bronze,0,400
Kolink Continuum 80 PLUS Platinum,0,1200
Kolink Continuum 80 PLUS Platinum,0,1050
Kolink Continuum 80 PLUS Platinum,0,1500
Kolink Continuum 80 PLUS Platinum,0,850
Kolink Continuum 80 PLUS Platinum,0,1050
Kolink Continuum 80 PLUS Platinum,0,1200
Kolink Core 80 PLUS,0,400
Kolink Core 80 PLUS,0,500
Kolink Core 80 PLUS,0,300
Kolink Core 80 PLUS,0,600
Kolink Core 80 PLUS,0,700
Kolink Core 80 PLUS,0,1000
Kolink Core 80 PLUS,0,850
Kolink Core RGB 80 PLUS,0,500
Kolink Core S Series 80 PLUS,0,700
Kolink Core S Series 80 PLUS,0,600
Kolink Core S Series 80 PLUS,0,500
Kolink Enclave 80 PLUS Gold,0,600
Kolink Enclave 80 PLUS Gold,0,700
Kolink KL-1000M,0,1000
Kolink KL-400 80 PLUS Bronze 400 Watt,0,400
Kolink KL-500,0,500
Kolink KL-500M,0,500
Kolink KL-600,0,600
Kolink KL-600M,0,600
Kolink KL-700,0,700
Kolink KL-700M,0,700
Kolink KL-850M,0,850
Kolink Modular Power 80 PLUS Bronze,0,600
Kolink Modular Power 80 PLUS Bronze,0,700
Kolink Modular Power 80 PLUS Bronze,0,500
Kolink Modular Power 80 PLUS Bronze,0,850
Kolink SFX-450,0,450
Lian Li PE-550B SFX-L,0,550
Lian Li PE-750B SFX-L,0,750
Lian Li SP750,0,750
Lian Li SP750,9099,750
Lian Li SP850,0,850
Lian Li SP850,0,850
MSI MEG Ai1300P PCIe5,25199,1300
MSI MPG A1000G PCIe5,13999,1000
MSI MPG A850G PCIe5,10149,850
NZXT E500 Modular,0,500
NZXT E650 Modular,0,650
NZXT E850 Modular,10499,850
PHANTEKS AMP 80 PLUS Gold,8399,750
PHANTEKS AMP 80 PLUS Gold,9099,850
PHANTEKS AMP 80 PLUS Gold,11199,1000
PHANTEKS Revolt Pro 80 PLUS Gold,9799,850
PHANTEKS Revolt Pro 80 PLUS Gold,18192,1000
PHANTEKS Revolt SFX 80 PLUS Gold,0,650
PHANTEKS Revolt SFX 80 PLUS Gold,0,750
PHANTEKS Revolt SFX 80 PLUS Platinum,11899,750
PHANTEKS Revolt X 80 PLUS Platinum,16233,1000
PHANTEKS Revolt X 80 PLUS Platinum,18199,1200
Phobya externes,0,70
Seasonic CONNECT 750 Gold,12879,750
Seasonic Eco 80 PLUS Bronze,0,430
Seasonic FOCUS 650 GOLD,8399,650
Seasonic FOCUS 750 GOLD,9099,750
Seasonic Focus 80 PLUS Gold,4543,450
Seasonic Focus 80 PLUS Gold,11899,750
Seasonic Focus 80 PLUS Platinum,0,650
Seasonic Focus GX 80 PLUS Gold,0,1000
Seasonic Focus Plus,11199,850
Seasonic Focus Plus Gold,6613,550
Seasonic Focus Plus Gold,9099,650
Seasonic Focus Plus Gold,9799,750
Seasonic Focus Plus Gold,13999,1000
Seasonic Focus Plus PCGH Edition,0,550
Seasonic Focus Plus Platinum,7559,550
Seasonic Focus PX 80 PLUS Platinum,7699,550
Seasonic Focus PX 80 PLUS Platinum,13299,850
Seasonic Focus PX 80 Plus Platinum 650 Watt,10219,650
Seasonic Focus SGX 80 PLUS Gold SFX,5949,450
Seasonic Focus SGX 80 PLUS Gold SFX,9099,650
Seasonic Focus SGX 80 PLUS Gold SFX-L,8259,500
Seasonic Focus+,8819,650
Seasonic Focus+,9799,750
Seasonic Focus+,12249,850
Seasonic G-360,0,360
Seasonic G-450,8652,450
Seasonic G-550,4830,550
Seasonic G-Series,0,650
Seasonic G-Series,0,550
Seasonic G-Series,0,550
Seasonic G-Series,0,450
Seasonic G-Series,0,360
Seasonic G-Series,8679,750
Seasonic G12 80 PLUS Gold,0,750
Seasonic G12 80 PLUS Gold,0,550
Seasonic G12 80 PLUS Gold,0,650
Seasonic G12-GC-550 Gold,0,550
Seasonic G12-GC-650 Gold,0,650
Seasonic M12II 850,6293,850
Seasonic M12II EVO 620,5599,620
Seasonic M12II Evo 80 PLUS Bronze,3743,520
Seasonic M12II Evo AM2 80 PLUS Bronze,5599,620
Seasonic M12II-750 EVO,0,750
Seasonic P-Series,0,860
Seasonic P-Series,0,520
Seasonic P-Series,0,760
Seasonic P-Series,0,660
Seasonic P-Series,17499,1050
Seasonic Platinum 1000,0,1000
Seasonic Platinum 460 Fanless,8773,460
Seasonic Platinum 520 Fanless,10695,520
Seasonic PLATINUM 660,0,660
Seasonic Platinum 760,2495,760
Seasonic PLATINUM 860,8773,860
Seasonic Prime,0,850
Seasonic Prime,0,650
Seasonic Prime,0,750
Seasonic Prime,8399,550
Seasonic Prime,17499,850
Seasonic Prime,18193,1000
Seasonic Prime,18874,1000
Seasonic PRIME 1200 PLATINUM,16093,1000
Seasonic PRIME 1200 W Gold,0,1200
Seasonic PRIME 750 GOLD,0,750
Seasonic Prime 80 PLUS Gold,19599,1300
Seasonic Prime 80 PLUS Platinum,18513,1300
Seasonic Prime Fanless 80 PLUS Titanium,15399,600
Seasonic Prime Fanless PX,10499,450
Seasonic Prime Fanless PX,10919,500
Seasonic Prime Fanless TX,17499,700
Seasonic PRIME Fanless TX-600,0,600
Seasonic Prime GX 80 PLUS Gold,0,650
Seasonic Prime PX 80 PLUS Platinum,17429,1000
Seasonic Prime Snow Silent 80 PLUS Gold,6649,550
Seasonic Prime Snow Silent 80 PLUS Platinum,10493,650
Seasonic Prime Snow Silent 80 PLUS Titanium,13753,750
Seasonic Prime TX 80 PLUS Titanium,0,650
Seasonic Prime TX 80 PLUS Titanium,14419,750
Seasonic Prime TX 80 PLUS Titanium,16169,850
Seasonic Prime Ultra,8049,650
Seasonic Prime Ultra 80 PLUS Gold,7349,550
Seasonic Prime Ultra 80 PLUS Gold,12169,1000
Seasonic Prime Ultra 80 PLUS Platinum,0,850
Seasonic Prime Ultra 80 PLUS Platinum,13299,750
Seasonic Prime Ultra 80 PLUS Platinum,16449,1000
Seasonic PRIME ULTRA 850 GOLD,0,850
Seasonic S12G,0,550
Seasonic S12G-750,0,750
Seasonic S12II,0,430
Seasonic S12II 430,4268,430
Seasonic S12II 620,5266,620
Seasonic S12II GB 80 PLUS Bronze,3639,520
Seasonic S12II GB 80 PLUS Bronze,3989,620
Seasonic S12III 80 PLUS Bronze,3709,550
Seasonic S12III 80 PLUS Bronze,4830,650
Seasonic S12III 80 PLUS Bronze,5039,500
Seasonic Snow Silent,10499,750
Seasonic SS-350ES 80 PLUS Bronze bulk,0,350
Seasonic SS-400ES,0,400
Seasonic X-1050,8773,1050
Seasonic X-1250,0,1250
Seasonic X-650,7641,650
Seasonic X-850,6993,850
Seasonic X-Series,0,850
Seasonic X-Series,0,650
Seasonic X-Series,7364,750
Silentmaxx Fanless II,0,500
Silverstone DA850-G,11059,850
SilverStone NJ700 80 PLUS Titanium,0,700
SilverStone SST-DA1650-G Decathalon Series 80 PLUS Gold,0,1650
Silverstone SST-ET500-ARGB,0,500
Silverstone SST-ET550-B v1.2 ATX,8817,550
SilverStone SST-ET650-B v1.4 Strider Essential Series 80 PLUS Bronze,0,650
SilverStone SST-ET750-B v1.1 Strider Essential Series 80 PLUS Bronze,0,750
SilverStone SST-EX500-B Extreme SFX,0,500
SilverStone SST-FX350-G Flex Series 80 PLUS Gold,7139,350
SilverStone SST-FX600-PT FX600 Platinum,0,600
Silverstone SST-GM1000-2UG V2 redundantes 2HE-,0,1000
Silverstone SST-GM400-S Gemini Series redundantes,0,400
Silverstone SST-GM500-G Gemini Series redundantes,0,500
Silverstone SST-GM600-2UG - 2x 600 Watt,37175,600
Silverstone SST-GM600-2UG V2 redundantes 2HE-,0,600
Silverstone SST-GM600-G Gemini Series redundantes,37029,600
Silverstone SST-GM800-2UG - 2x 800 Watt,39763,800
Silverstone SST-GM800-2UG V2 redundantes 2HE-,0,800
SilverStone SST-HA850R-PM - Cybenetics Platinum,0,850
Silverstone SST-NJ450-SXL Nightjar-Series,12059,450
Silverstone SST-NJ520 Nightjar-Series,0,520
Silverstone SST-ST1000-G Strider Evolution v2.0 Gold Series,0,1000
Silverstone SST-ST1000-P Strider,0,1000
Silverstone SST-ST1000-PT Strider 80 PLUS Platinum,0,1000
SilverStone SST-ST1000-PTS Strider Platinum Series 80 PLUS Platinum,14909,1000
Silverstone SST-ST1100-TI Strider 80 PLUS Titanium modular - 1.100 Watt,23099,1100
Silverstone SST-ST1200-G Strider Evolution Gold Series,0,1200
Silverstone SST-ST1200-PT Strider 80 PLUS Platinum,0,1200
SilverStone SST-ST1200-PTS Strider Platinum Series 80 PLUS Platinum,19054,1200
Silverstone SST-ST1300-TI Strider 80 PLUS Titanium modular - 1.300 Watt,24639,1300
Silverstone SST-ST1300-TI v 2.0 Strider 80 PLUS Titanium,0,1300
Silverstone SST-ST1500-GS Strider Gold Series vollmodular,0,1500
Silverstone SST-ST1500-TI Strider 80 PLUS Titanium modular,0,1500
Silverstone SST-ST1500-TI v1.1,42144,1500
Silverstone SST-ST30SF V2.0 Strider SFX Bronze,0,300
Silverstone SST-ST40F-ES230 Strider Essential Series,0,400
Silverstone SST-ST40F-ESB Strider Essential Series Bronze,0,400
Silverstone SST-ST45SF V3.0 80 PLUS Bronze SFX,11162,450
Silverstone SST-ST45SF-G V2.0 Strider Serie SFX Gold,6682,450
Silverstone SST-ST50F-ES230 v2.0 Strider Essential Series,0,500
Silverstone SST-ST50F-ESB Strider Essential Series Bronze,0,500
Silverstone SST-ST50F-ESG Strider Essential Series Gold,0,500
Silverstone SST-ST50F-PB Strider Plus Bronze modular,0,500
Silverstone SST-ST55F-G V2.0 Strider Gold Series,0,550
SilverStone SST-ST55F-PB Strider Plus Series 80 PLUS Bronze,0,550
Silverstone SST-ST55F-PT Strider 80 PLUS Platinum,7237,550
Silverstone SST-ST55GF,0,550
Silverstone SST-ST60F-ES230 Strider Essential Series,0,600
Silverstone SST-ST60F-ESB Strider Essential Series Bronze,0,600
Silverstone SST-ST60F-ESG Strider Essential Series Gold,0,600
Silverstone SST-ST60F-PB modular Strider 80 PLUS Bronze,0,600
Silverstone SST-ST60F-TI Strider 80 PLUS Titanium modular,0,600
SilverStone SST-ST65F-ES230 Strider Essential Series 80 PLUS,0,650
Silverstone SST-ST65F-G Strider Gold Series,0,650
SilverStone SST-ST65F-GS v 1.1 Strider Gold S Series 80 PLUS Gold,0,650
SilverStone SST-ST65F-PB Strider Plus Series 80 PLUS Bronze,0,650
Silverstone SST-ST65F-PT Strider 80 PLUS Platinum,0,650
Silverstone SST-ST70F-ES230 Strider Essential Series,0,700
Silverstone SST-ST70F-ESB Strider Essential Series Bronze,0,700
Silverstone SST-ST70F-ESG Strider Essential Series Gold,0,700
Silverstone SST-ST70F-PB modular Strider 80 PLUS Bronze,0,700
Silverstone SST-ST70F-TI Strider 80 PLUS Titanium modular,0,700
Silverstone SST-ST75F-GS Strider Gold Series,0,750
Silverstone SST-ST75F-GS v 3.1 Strider,0,750
Silverstone SST-ST75F-P Strider Plus,21861,750
SilverStone SST-ST75F-PB Strider Plus Series 80 PLUS Bronze,0,750
Silverstone SST-ST75F-PT Strider 80 PLUS Platinum,0,750
Silverstone SST-ST80F-TI Strider 80 PLUS Titanium modular,11549,800
Silverstone SST-ST85F-GS Strider Gold Series,0,850
Silverstone SST-ST85F-P Strider Plus,0,850
Silverstone SST-ST85F-PT Strider 80 PLUS Platinum,0,850
Silverstone SST-SX300-B SFX,0,300
SilverStone SST-SX450-B SFX Series,0,450
Silverstone SST-SX500-G SFX 80 PLUS Gold,7209,500
Silverstone SST-SX500-G v1.1 SFX,13343,500
Silverstone SST-SX500-LG v2.1 SFX-L,13019,500
Silverstone SST-SX550 SFX 80 PLUS Gold,0,550
Silverstone SST-SX650-G SFX 80 PLUS Gold,8889,650
Silverstone SST-SX700-G v1.1 SFX,0,700
Silverstone SST-SX700-LPT SFX-L 80 PLUS Platinum,0,700
Silverstone SST-SX700-LPT v1.1 SFX-L,8775,700
Silverstone SST-SX700-PT SFX,0,700
SilverStone SST-SX750-G 80 PLUS Gold,0,750
Silverstone SST-SX750-PT V.1.1 SFX,0,750
Silverstone SST-TX300 TFX 80 PLUS Bronze,4829,300
SilverStone SST-TX500-G TFX,10438,500
Silverstone SST-TX700-G TFX,0,700
SilverStone ST500P,0,500
Silverstone ST600P,0,600
Silverstone ST700P,0,700
Streacom ST-NANO120,0,120
Streacom ST-NANO150,0,150
Streacom ST-NANO160,0,160
Streacom ST-NANO90 HTPC-,0,90
Streacom ZeroFlex 240,0,240
Super Flower Golden Green HX,0,750
Super Flower Golden Green HX,0,650
Super Flower Golden Green HX,0,350
Super Flower Golden Silent,0,500
Super Flower Leadex,0,1300
Super Flower Leadex,0,1000
Super Flower Leadex,0,1000
Super Flower Leadex,0,1200
Super Flower Leadex,0,850
Super Flower Leadex,0,1000
Super Flower Leadex,0,850
Super Flower Leadex,0,550
Super Flower Leadex,0,550
Super Flower Leadex,0,750
Super Flower Leadex,0,850
Super Flower Leadex,0,1000
Super Flower Leadex,0,550
Super Flower Leadex,0,550
Super Flower Leadex,0,550
Super Flower Leadex,0,750
Super Flower Leadex 80 PLUS Gold,0,1600
Super Flower Leadex 80 PLUS Platinum,0,1200
Super Flower Leadex 80 PLUS Platinum,0,1600
Super Flower Leadex 80 PLUS Platinum 8Pack Edt.,0,2000
Super Flower Leadex 80 PLUS Titanium,0,750
Super Flower Leadex 80 PLUS Titanium,0,1000
Super Flower Leadex 80 PLUS Titanium,0,850
Super Flower Leadex 80 PLUS Titanium,0,1600
Super Flower Leadex II,0,1000
Super Flower Leadex II,0,850
Super Flower Leadex II,0,850
Super Flower Leadex II 80 PLUS Gold,0,1200
Super Flower Leadex II 80 PLUS Gold,0,1000
Super Flower Leadex II 80 PLUS Gold,0,1200
Super Flower Leadex Platinum Special Edition,0,1000
Super Flower Leadex Platinum Special Edition 80 PLUS Platin,0,1200
Thermaltake Berlin,0,630
Thermaltake Cologne,0,730
Thermaltake Frankfurt,0,830
Thermaltake Hamburg,0,530
Thermaltake London,0,550
Thermaltake Madrid,0,850
Thermaltake Munich,0,430
Thermaltake Paris,0,650
Thermaltake Rome,0,750
Thermaltake Smart Pro RGB 80Plus Bronze modular,0,750
Thermaltake Smart Pro RGB 80Plus Bronze modular,6294,850
Thermaltake Smart Pro RGB 80Plus Bronze modular,8399,650
Thermaltake Smart SE,3359,630
Thermaltake Smart SE,3359,530
Thermaltake Toughpower DPS G 80 PLUS Platinum,0,1200
Thermaltake Toughpower DPS G RGB 80Plus Gold,0,850
Thermaltake Toughpower DPS G RGB 80Plus Gold,0,750
Thermaltake Toughpower DPS G RGB 80Plus Gold,0,650
Thermaltake Toughpower GF1 A-RGB 80 Plus Gold,0,650
Thermaltake Toughpower GF1 A-RGB 80 Plus Gold,0,750
Thermaltake Toughpower GF1 A-RGB 80 Plus Gold,0,850
Thermaltake Toughpower Grand RGB 80 PLUS Gold modular,6999,650
Thermaltake Toughpower Grand RGB 80 PLUS Gold modular,6999,850
Thermaltake Toughpower Grand RGB 80 PLUS Gold modular,8049,750
Thermaltake Toughpower iRGB 80 PLUS Platinum,0,1200
Thermaltake Toughpower iRGB 80 PLUS Platinum,0,1050
Thermaltake Toughpower iRGB 80 PLUS Titanium,34999,1250
Thermaltake Toughpower PF1 A-RGB 80 Plus Platinum,0,850
Thermaltake Toughpower PF1 A-RGB 80 Plus Platinum,0,1200
Thermaltake Toughpower PF1 A-RGB 80 Plus Platinum,0,1050
Thermaltake TR2 S,0,700
Thermaltake TR2 S,0,600
Thermaltake TR2 S 80 PLUS,0,500
XFX Black Edition,0,1050
XFX Black Edition,0,750
XFX Black Edition,0,850
XFX Core Edition PRO V2,0,450
XFX PRO1000W Black Edition Full Modular,0,1000
XFX TS-Series  Single Rail,0,750
XFX TS-Series  Single Rail,0,550
XFX TS-Series  Single Rail,0,650
XFX XT,0,600
XFX XT,0,500
XFX XT,0,400
XFX XTR Series,0,550
XFX XTS Fanless Series,0,520
XFX XTS Fanless Series,0,460
XFX XXX Edition Pro,0,850
Xigmatek Maverick,0,400
Xilence Performance A+,0,830
Xilence Performance A+,0,530
Xilence Performance A+,0,730
Xilence Performance A+,0,430
Xilence Performance A+,0,630
Xilence Performance C Series XP400,0,300
Xilence Performance C Series XP500,0,350
Xilence Performance C Series XP600,0,450
Xilence Performance C Series XP700,0,550
Zalman 1000EBT,0,1000
Zalman 1200EBT 80 PLUS Gold,0,1200
Zalman 500GVM,0,500
Zalman 500TX,0,500
Zalman 600GVM,0,600
Zalman 600TX,0,600
Zalman 650EBT,0,650
Zalman 700GVM,0,700
Zalman 700TX,0,700
Zalman 750EBT 80 PLUS Gold,0,750
Zalman 850EBT,0,850
Zalman ZM1000-EBTII 80 PLUS Gold,0,1000
Zalman ZM1200-EBTII 80 PLUS Gold,0,1200
Zalman ZM700-EBTII 80 PLUS Gold,0,700
Zalman ZM800-EBTII 80 PLUS Gold,0,800
