name,price,frequency,type,size
Corsair Vengeance LPX Series red DDR4-3200,2939,3200,2,16
ADATA Lancer DDR5-5200,0,5200,3,16
ADATA Premier DDR5-4800,3499,4800,3,16
ADATA XPG Spectrix D80 red,0,3200,2,32
ADATA XPG Spectrix D80 black,0,3200,2,16
ADATA XPG Spectrix RGB D41 grey,0,3200,2,16
ADATA XPG Spectrix RGB D41 grey,0,3200,2,32
ADATA XPG Spectrix RGB D41 grey,8804,3600,2,16
ADATA XPG Spectrix RGB D41 red,0,3600,2,16
ADATA XPG Spectrix RGB D41 red,11940,3200,2,16
ADATA XPG Spectrix RGB D60G grey,0,3200,2,16
ADATA XPG Spectrix RGB D60G grey,9742,3600,2,16
"Avexir Blitz Series, weiße LED, DDR4-3600, CL17 - 16 GB Kit",0,3600,2,16
"Avexir Core Series, blaue LED, DDR4-2400, CL16 - 16 GB Kit",0,2400,2,16
"Avexir Core Series, blaue LED, DDR4-2400, CL16 - 8 GB",0,2400,2,8
"Avexir Core Series, blaue LED, DDR4-2400, CL16 - 8 GB Kit",0,2400,2,8
"Avexir Core Series, grüne LED, DDR4-2400, CL16 - 8 GB",0,2400,2,8
"Avexir Core Series, rote LED, DDR4-2400, CL16 - 32 GB Kit",0,2400,2,32
"Avexir Core Series, rote LED, DDR4-2400, CL16 - 8 GB",0,2400,2,8
"Avexir Core Series, rote LED, DDR4-2400, CL16 - 8 GB Kit",0,2400,2,8
"Avexir Core Series, weiße LED, DDR4-2400, CL16 - 8 GB",0,2400,2,8
"Avexir Core Series, weiße LED, DDR4-2400, CL16 - 8 GB Kit",0,2400,2,8
Ballistix Sport DDR3-1600 CL9,0,1600,1,8
Ballistix Sport DDR3-1600 CL9,0,1600,1,16
Ballistix Sport DDR4-2400 CL16,0,2400,2,8
Ballistix Sport DDR4-2400 CL16,0,2400,2,4
Ballistix Sport LT DDR4-2400 red CL16,0,2400,2,32
Ballistix Tactical LP DDR3-1600 CL8   Low Profile,0,1600,1,4
Corsair Dominator Platinum + AF,12599,3600,2,16
Corsair Dominator Platinum DDR4-2666 CL15,10849,2666,2,32
Corsair Dominator Platinum RGB Series,6439,3200,2,16
Corsair Dominator Platinum RGB Series,6439,3200,2,16
Corsair Dominator Platinum RGB Series,7349,3600,2,16
Corsair Dominator Platinum RGB Series,9449,3200,2,32
Corsair Dominator Platinum RGB Series,12949,3200,2,32
Corsair Dominator Platinum Series 16GB,19039,3466,2,16
Corsair Dominator Platinum Series 16GB,20996,3200,2,16
Corsair Dominator Platinum Series 32GB,12809,3200,2,32
Corsair Dominator Platinum Series DDR4-3200,7699,3200,2,16
Corsair LED 32GB,26249,3200,2,32
Corsair LPX 16GB,0,2800,2,16
Corsair LPX 16GB,0,3200,2,16
Corsair LPX 16GB,3499,2666,2,16
Corsair LPX 16GB,3849,3000,2,16
Corsair LPX 16GB,4450,2133,2,16
Corsair LPX 16GB,5599,3000,2,16
Corsair LPX 16GB,6999,2400,2,16
Corsair LPX 32GB,5599,2400,2,32
Corsair LPX 32GB,9099,2400,2,32
Corsair LPX 32GB,10322,3200,2,32
Corsair LPX 32GB,33179,3466,2,32
Corsair RGB 16GB,11833,3200,2,16
Corsair Value Select DDR3-1600 CL11,4829,1600,1,16
Corsair Value Select DDR4-2133  CL15,3149,2133,2,16
Corsair Value Select DDR4-2133  CL15  black,1749,2133,2,4
Corsair ValueSelect DDR3-1600 CL11,1749,1600,1,4
Corsair Vengeance DDR3-1866 CL10,0,1866,1,32
Corsair Vengeance LED blue DDR4-3000  CL15,61319,3000,2,64
Corsair Vengeance LED blue DDR4-3200  CL16,11283,3200,2,16
Corsair Vengeance LED red DDR4-2666  CL16,8197,2666,2,32
Corsair Vengeance LED red DDR4-2666  CL16,21699,2666,2,32
Corsair Vengeance LED red DDR4-3000  CL15,48899,3000,2,64
Corsair Vengeance LED red DDR4-3200  CL16,11778,3200,2,16
Corsair Vengeance LED white DDR4-2666  CL16,8197,2666,2,32
Corsair Vengeance LED white DDR4-2666  CL16,16653,2666,2,32
Corsair Vengeance LED white DDR4-2666  CL16,43399,2666,2,64
Corsair Vengeance LED white DDR4-3000  CL15,46112,3000,2,64
Corsair Vengeance LED white DDR4-3200  CL16,15181,3200,2,16
Corsair Vengeance Low DDR3-1600 CL10  Low Profile,5599,1600,1,16
Corsair Vengeance Low DDR3-1600 CL9  Low Profile blue,5599,1600,1,8
Corsair Vengeance Low Profile Black DDR3-1600 CL9,4565,1600,1,8
Corsair Vengeance Low Profile DDR3-1600 CL109,8781,1600,1,16
Corsair Vengeance Low Profile DDR3-1600 CL9,5599,1600,1,16
Corsair Vengeance Low Profile DDR3-1600 CL9,7401,1600,1,16
Corsair Vengeance LPX Black DDR4-2133  CL13,5389,2133,2,16
Corsair Vengeance LPX Black DDR4-2133  CL13,19249,2133,2,64
Corsair Vengeance LPX Black DDR4-2133  CL15,20999,2133,2,32
Corsair Vengeance LPX Black DDR4-2666  CL16,24499,2666,2,128
Corsair Vengeance LPX blue DDR4-3000  CL15,9099,3000,2,16
Corsair Vengeance LPX Blue DDR4-2400  CL14,11391,2400,2,32
Corsair Vengeance LPX DDR4-2400 CL16,12599,2400,2,32
"Corsair Vengeance LPX red + AF, DDR4-3600, CL 18 - 16 GB Dual Kit",17240,3600,2,16
Corsair Vengeance LPX red DDR4-2400MHz CL14,1749,2400,2,4
Corsair Vengeance LPX red DDR4-2666 CL16,2375,2666,2,8
Corsair Vengeance LPX red DDR4-3000MHz CL15,6509,3000,2,8
Corsair Vengeance LPX black + AF,7699,3600,2,16
Corsair Vengeance LPX black DDR4-2400 CL16,6579,2400,2,16
Corsair Vengeance LPX black DDR4-2400MHz CL14,1999,2400,2,4
Corsair Vengeance LPX black DDR4-2666MHz CL16,1749,2666,2,8
Corsair Vengeance LPX black DDR4-2800  CL14,0,2800,2,16
Corsair Vengeance LPX black DDR4-3333  CL16,0,3333,2,16
"Corsair Vengeance LPX Series red DDR4-2666, CL15 - 16 GB Kit",0,2666,2,16
"Corsair Vengeance LPX Series red DDR4-3466, CL16 - 16 GB Kit",0,3466,2,16
"Corsair Vengeance LPX Series black DDR4-2400, CL14 - 32 GB Kit",11689,2400,2,32
"Corsair Vengeance LPX Series black DDR4-3000, CL15 - 8 GB Kit",5792,3000,2,8
Corsair Vengeance LPX Series black DDR4-3200,3009,3200,2,16
"Corsair Vengeance LPX Series black DDR4-3466, CL16 - 16 GB Kit",17079,3466,2,16
Corsair Vengeance LPX Series white,3359,3200,2,16
"Corsair Vengeance LPX Series white, DDR4-3200, CL 16 - 32 GB Dual-Kit",11759,3200,2,32
Corsair Vengeance RGB Pro Series black,4547,3200,2,16
Corsair Vengeance RGB Pro Series black,5599,3600,2,16
Corsair Vengeance RGB Pro Series black,7349,3600,2,32
Corsair Vengeance RGB Pro Series black,8819,3200,2,16
Corsair Vengeance RGB Pro Series black,8959,3466,2,16
Corsair Vengeance RGB Pro Series black,12739,3200,2,32
Corsair Vengeance RGB Pro Series black,15189,3466,2,32
Corsair Vengeance RGB Pro Series white,0,3466,2,32
Corsair Vengeance RGB Pro Series white,3849,3200,2,16
Corsair Vengeance RGB Pro Series white,5459,3600,2,16
Corsair Vengeance RGB Series black,17709,3466,2,16
Corsair Vengeance RGB Series white,16466,3600,2,16
Corsair Vengeance red DDR3-1866 CL10,0,1866,1,32
Crucial Ballistix Elite series,5599,3600,2,16
"Crucial Ballistix Elite Series DDR4-2666, CL16 - 32 GB Kit",0,2666,2,32
"Crucial Ballistix Elite Series DDR4-2666, CL16 - 8 GB",4409,2666,2,8
"Crucial Ballistix Elite Series DDR4-3000, CL15 - 16 GB Kit",0,3000,2,16
Crucial Ballistix Sport AT series,0,3200,2,16
Crucial Ballistix Sport AT series,10989,3200,2,32
Crucial Ballistix Sport DDR3-1600 CL9,0,1600,1,4
Crucial Ballistix Sport LT DDR4-2400 CL16,0,2400,2,32
Crucial Ballistix Sport LT DDR4-2400 red CL16,18479,2400,2,64
Crucial Ballistix Sport LT grey DDR4-2666 CL16,0,2666,2,16
Crucial Ballistix Sport LT grey DDR4-2666 CL16,1326,2666,2,4
Crucial Ballistix Sport LT grey DDR4-2666 CL16,2239,2666,2,8
Crucial Ballistix Sport LT grey DDR4-2666 CL16,4479,2666,2,16
Crucial Ballistix Sport LT red DDR4-2666 CL16,0,2666,2,16
Crucial Ballistix Sport LT red DDR4-2666 CL16,3496,2666,2,8
Crucial Ballistix Sport LT series grey,0,3200,2,32
Crucial Ballistix Sport LT series grey,5308,3200,2,16
"Crucial Ballistix Sport LT Series grey DDR4-2400, CL16 - 16 GB Kit",0,2400,2,16
"Crucial Ballistix Sport LT Series grey DDR4-2400, CL16 - 32 GB Kit",15472,2400,2,32
"Crucial Ballistix Sport LT Series grey DDR4-2400, CL16 - 8 GB",0,2400,2,8
"Crucial Ballistix Sport LT Series grey DDR4-2400, CL16 - 8 GB Kit",0,2400,2,8
Crucial Ballistix Sport LT series red,5459,3200,2,16
Crucial Ballistix Sport LT series red,10989,3200,2,32
"Crucial Ballistix Sport LT Series red, DDR4-2400, CL16 - 16 GB Kit",0,2400,2,16
"Crucial Ballistix Sport LT Series red, DDR4-2400, CL16 - 8 GB",3359,2400,2,8
"Crucial Ballistix Sport LT Series red, DDR4-2400, CL16 - 8 GB Kit",2710,2400,2,8
Crucial Ballistix Sport LT series white,5459,3200,2,16
Crucial Ballistix Sport LT series white,10989,3200,2,32
"Crucial Ballistix Sport LT Series white DDR4-2400, CL16 - 16 GB Kit",0,2400,2,16
"Crucial Ballistix Sport LT Series white DDR4-2400, CL16 - 32 GB Kit",9239,2400,2,32
"Crucial Ballistix Sport LT Series white DDR4-2400, CL16 - 8 GB Kit",0,2400,2,8
"Crucial Ballistix Sport LT Series white, DDR4-2400, CL16 - 8 GB",0,2400,2,8
Crucial Ballistix Sport LT white DDR4-2666 CL16,0,2666,2,16
Crucial Ballistix Sport LT white DDR4-2666 CL16,1329,2666,2,4
Crucial Ballistix Sport LT white DDR4-2666 CL16,3149,2666,2,8
"Crucial Ballistix Sport Series DDR4-2400, CL16 - 8 GB Kit",0,2400,2,8
Crucial Ballistix Sport XT DDR3-1866 CL10,0,1866,1,8
Crucial Ballistix Sport XT DDR3-1866 CL10,0,1866,1,16
Crucial Ballistix Tactical DDR3-1866 CL9,0,1866,1,16
Crucial Ballistix Tactical DDR3-1866 CL9,0,1866,1,4
Crucial Ballistix Tactical DDR4-2666 CL16,0,2666,2,32
Crucial Ballistix Tactical DDR4-3000 CL15,2073,3000,2,4
Crucial Ballistix Tactical LP DDR3-1600 CL8,0,1600,1,8
"Crucial Ballistix Tactical, DDR4-3000, CL16 - 16 GB Kit",15927,3000,2,16
Crucial DDR4-2133 CL15,0,2133,2,4
Crucial DDR4-2133 CL15,2750,2133,2,8
Crucial DDR5-4800,3709,4800,3,16
Crucial DDR5-4800,8679,4800,3,32
Crucial DDR5-4800,17009,4800,3,64
"Crucial Value Series DDR4-2133, CL15 - 16 GB Kit",0,2133,2,16
"Crucial Value Series DDR4-2133, CL15 - 8 GB",0,2133,2,8
G.Skill Aegis DDR4 DDR4-2133 16GB,2449,2133,2,16
G.Skill Aegis DDR4 DDR4-2133 32GB,12875,2133,2,32
G.Skill Aegis DDR4 DDR4-2133 4GB,1259,2133,2,4
G.Skill Aegis DDR4 DDR4-2133 8GB,2799,2133,2,8
G.Skill Aegis DDR4 DDR4-2400 16GB,5599,2400,2,16
G.Skill Aegis DDR4 DDR4-2400 32GB,13741,2400,2,32
G.Skill Aegis DDR4 DDR4-2400 4GB,1399,2400,2,4
G.Skill Aegis DDR4 DDR4-2400 8GB,1609,2400,2,8
G.Skill Aegis DDR4 DDR4-3000 16GB,2799,3000,2,16
G.Skill Aegis DDR4 DDR4-3000 8GB,1679,3000,2,8
G.Skill Flare X (for AMD) DDR4-2133 16GB,5949,2133,2,16
G.Skill Flare X Series,5459,3200,2,16
"G.Skill Fortis Series black, DDR4-2133 für Ryzen, CL 15 - 16 GB Dual-Kit",0,2133,2,16
"G.Skill Fortis Series black, DDR4-2133 für Ryzen, CL 15 - 32 GB Dual-Kit",0,2133,2,32
"G.Skill Fortis Series black, DDR4-2133 für Ryzen, CL 15 - 64 GB Quad-Kit",0,2133,2,64
G.Skill Ripjaws V DDR4-3200 16GB,3079,3200,2,16
G.Skill Ripjaws V DDR4-3200 16GB,3289,3200,2,16
G.Skill Ripjaws V DDR4-3200 16GB,4479,3200,2,16
G.Skill Ripjaws V DDR4-3200 16GB,6299,3200,2,16
G.Skill Ripjaws V DDR4-3200 16GB,6299,3200,2,16
G.Skill Ripjaws V DDR4-3200 16GB,6299,3200,2,16
G.Skill Ripjaws V DDR4-3200 32GB,11899,3200,2,32
G.Skill Ripjaws V DDR4-3200 32GB,16099,3200,2,32
G.Skill Ripjaws V DDR4-3200 32GB,16099,3200,2,32
G.Skill Ripjaws V DDR4-3200 32GB,18199,3200,2,32
G.Skill Ripjaws V DDR4-3200 64GB,10149,3200,2,64
G.Skill Ripjaws V DDR4-3200 64GB,32899,3200,2,64
G.Skill Ripjaws V DDR4-3200 64GB,37799,3200,2,64
G.Skill Ripjaws V DDR4-3200 8GB,7993,3200,2,8
G.Skill Ripjaws V DDR4-3400 16GB,6299,3400,2,16
G.Skill Ripjaws V DDR4-3400 32GB,15049,3400,2,32
G.Skill Ripjaws V DDR4-3466 16GB,6649,3466,2,16
G.Skill Ripjaws V DDR4-3466 16GB,6649,3466,2,16
G.Skill Ripjaws V DDR4-3600 16GB,8399,3600,2,16
G.Skill Ripjaws V DDR4-3600 16GB,9449,3600,2,16
G.Skill RipJaws V Series,3289,3200,2,16
G.Skill RipJaws V Series,5179,3200,2,32
G.Skill RipJaws V Series,9449,3200,2,16
G.Skill RipJaws V Series,9799,3200,2,64
G.Skill RipJaws V Series,17849,3200,2,32
G.Skill Sniper DDR3-1866 CL9,0,1866,1,16
G.Skill Sniper DDR3-1866 CL9,0,1866,1,8
G.Skill Sniper X Series,3289,3200,2,16
G.Skill Sniper X Series,3289,3200,2,16
G.Skill Sniper X Series,5249,3200,2,32
G.Skill Sniper X Series,5249,3200,2,32
G.Skill Sniper X Series,5529,3200,2,32
G.Skill Sniper X Series,5529,3200,2,16
G.Skill Trident Z DDR4-3200 16GB,0,3200,2,16
G.Skill Trident Z DDR4-3200 16GB,0,3200,2,16
G.Skill Trident Z DDR4-3200 16GB,0,3200,2,16
G.Skill Trident Z DDR4-3200 16GB,0,3200,2,16
G.Skill Trident Z DDR4-3200 16GB,0,3200,2,16
G.Skill Trident Z DDR4-3200 16GB,3849,3200,2,16
G.Skill Trident Z DDR4-3200 16GB,3849,3200,2,16
G.Skill Trident Z DDR4-3200 16GB,4759,3200,2,16
G.Skill Trident Z DDR4-3200 16GB,5249,3200,2,16
G.Skill Trident Z DDR4-3200 16GB,5319,3200,2,16
G.Skill Trident Z DDR4-3200 16GB,6159,3200,2,16
G.Skill Trident Z DDR4-3200 16GB,7349,3200,2,16
G.Skill Trident Z DDR4-3200 16GB,9099,3200,2,16
G.Skill Trident Z DDR4-3200 16GB,10149,3200,2,16
G.Skill Trident Z DDR4-3200 16GB,10149,3200,2,16
G.Skill Trident Z DDR4-3200 16GB,10499,3200,2,16
G.Skill Trident Z DDR4-3200 32GB,0,3200,2,32
G.Skill Trident Z DDR4-3200 32GB,0,3200,2,32
G.Skill Trident Z DDR4-3200 32GB,0,3200,2,32
G.Skill Trident Z DDR4-3200 32GB,7349,3200,2,32
G.Skill Trident Z DDR4-3200 32GB,11899,3200,2,32
G.Skill Trident Z DDR4-3200 32GB,12249,3200,2,32
G.Skill Trident Z DDR4-3200 32GB,12949,3200,2,32
G.Skill Trident Z DDR4-3200 32GB,16099,3200,2,32
G.Skill Trident Z DDR4-3200 32GB,16799,3200,2,32
G.Skill Trident Z DDR4-3200 32GB,16799,3200,2,32
G.Skill Trident Z DDR4-3200 32GB,16799,3200,2,32
G.Skill Trident Z DDR4-3200 32GB,18899,3200,2,32
G.Skill Trident Z DDR4-3200 32GB,18899,3200,2,32
G.Skill Trident Z DDR4-3200 32GB,18899,3200,2,32
G.Skill Trident Z DDR4-3200 32GB,27330,3200,2,32
G.Skill Trident Z DDR4-3200 32GB,27330,3200,2,32
G.Skill Trident Z DDR4-3200 64GB,0,3200,2,64
G.Skill Trident Z DDR4-3200 64GB,14349,3200,2,64
G.Skill Trident Z DDR4-3200 64GB,17499,3200,2,64
G.Skill Trident Z DDR4-3200 64GB,25899,3200,2,64
G.Skill Trident Z DDR4-3200 64GB,32549,3200,2,64
G.Skill Trident Z DDR4-3200 64GB,32899,3200,2,64
G.Skill Trident Z DDR4-3200 64GB,38499,3200,2,64
G.Skill Trident Z DDR4-3200 64GB,38849,3200,2,64
G.Skill Trident Z DDR4-3200 8GB,7350,3200,2,8
G.Skill Trident Z DDR4-3400 32GB,15399,3400,2,32
G.Skill Trident Z DDR4-3400 CL16,0,3400,2,16
G.Skill Trident Z DDR4-3466 16GB,5739,3466,2,16
G.Skill Trident Z DDR4-3466 16GB,6299,3466,2,16
G.Skill Trident Z DDR4-3466 16GB,6299,3466,2,16
G.Skill Trident Z DDR4-3466 16GB,7349,3466,2,16
G.Skill Trident Z DDR4-3466 32GB,11409,3466,2,32
G.Skill Trident Z DDR4-3466 32GB,12949,3466,2,32
G.Skill Trident Z DDR4-3466 CL16,0,3466,2,8
G.Skill Trident Z DDR4-3600 16GB,8749,3600,2,16
G.Skill Trident Z DDR4-3600 16GB,9099,3600,2,16
G.Skill Trident Z DDR4-3600 16GB,9099,3600,2,16
G.Skill Trident Z DDR4-3600 16GB,10149,3600,2,16
G.Skill Trident Z DDR4-3600 16GB,10149,3600,2,16
G.Skill Trident Z Neo Series,4619,3600,2,16
G.Skill Trident Z Neo Series,4689,3200,2,16
G.Skill Trident Z Neo Series,5459,3600,2,16
G.Skill Trident Z Neo Series,6509,3200,2,32
G.Skill Trident Z Neo Series,6859,3600,2,32
G.Skill Trident Z Neo Series,8259,3600,2,32
G.Skill Trident Z Neo Series,10849,3600,2,16
G.Skill Trident Z Neo Series,11899,3600,2,32
G.Skill Trident Z Neo Series,11899,3200,2,16
G.Skill Trident Z Neo Series,16799,3600,2,16
G.Skill Trident Z Neo Series,20999,3200,2,32
G.Skill Trident Z RGB DDR4-3200 16GB,4199,3200,2,16
G.Skill Trident Z RGB DDR4-3200 16GB,7349,3200,2,16
G.Skill Trident Z RGB DDR4-3200 32GB,5459,3200,2,32
G.Skill Trident Z RGB DDR4-3200 64GB,34999,3200,2,64
G.Skill Trident Z RGB DDR4-3200 64GB,39899,3200,2,64
G.Skill Trident Z RGB DDR4-3466 16GB,8749,3466,2,16
G.Skill Trident Z RGB DDR4-3600 16GB,10499,3600,2,16
G.Skill Trident Z RGB DDR4-3600 16GB,11549,3600,2,16
G.Skill Trident Z RGB Series für AMD,4689,3200,2,16
G.Skill Trident Z RGB Series für AMD,6299,3200,2,32
G.Skill Trident Z RGB Series für AMD Ryzen,4199,3600,2,16
G.Skill Trident Z RGB Series für AMD Ryzen,7699,3200,2,16
G.Skill Trident Z Royal Series gold,5809,3600,2,16
G.Skill Trident Z Royal Series gold,9099,3200,2,16
G.Skill Trident Z Royal Series gold,9799,3200,2,16
G.Skill Trident Z Royal Series gold,12249,3600,2,16
G.Skill Trident Z Royal Series silver,5949,3200,2,16
G.Skill Trident Z Royal Series silver,7209,3600,2,16
G.Skill Trident Z Royal Series silver,12039,3600,2,16
G.Skill Trident Z Royal Series silver,13089,3200,2,16
G.Skill Trident Z Series,72027,3200,2,16
G.Skill Trident Z Series silver/red,8749,3200,2,16
G.Skill Trident Z Series silver/red,10149,3600,2,16
"G.Skill Trident Z Series, DDR4-3000, CL14 - 64 GB Quad-Kit",23799,3000,2,64
G.Skill Value DDR4-2133 8GB,0,2133,2,8
G.Skill Value DDR4-2400 8GB,0,2400,2,8
G.Skill Value DDR4-2400 8GB,3009,2400,2,8
Gigabyte Aorus RGB Memory,10499,3200,2,16
Gigabyte Aorus RGB Memory,11899,3200,2,16
HyperX Fury blue DDR3-1600 CL10,1609,1600,1,4
HyperX Fury blue DDR3-1600 CL10,2939,1600,1,8
HyperX Fury blue DDR3-1600 CL10,4829,1600,1,8
HyperX Fury blue DDR3-1600 CL10,5389,1600,1,16
HyperX Fury blue DDR3-1866 CL10,1679,1866,1,4
HyperX Fury blue DDR3-1866 CL10,3149,1866,1,8
HyperX Fury blue DDR3-1866 CL10,3219,1866,1,8
HyperX Fury blue DDR3-1866 CL10,5389,1866,1,16
HyperX Fury red DDR3-1600 CL10,3149,1600,1,8
HyperX Fury red DDR3-1600 CL10,3499,1600,1,8
HyperX Fury red DDR3-1600 CL10,6229,1600,1,16
HyperX Fury red DDR3-1866 CL10,1609,1866,1,4
HyperX Fury red DDR3-1866 CL10,3009,1866,1,8
HyperX Fury red DDR3-1866 CL10,3219,1866,1,8
HyperX Fury red DDR3-1866 CL10,5389,1866,1,16
HyperX Fury black DDR3-1600 CL10,1561,1600,1,4
HyperX Fury black DDR3-1600 CL10,3009,1600,1,8
HyperX Fury black DDR3-1600 CL10,3219,1600,1,8
HyperX Fury black DDR3-1600 CL10,5389,1600,1,16
HyperX Fury black DDR3-1866 CL10,1609,1866,1,4
HyperX Fury black DDR3-1866 CL10,2729,1866,1,8
HyperX Fury black DDR3-1866 CL10,2939,1866,1,8
HyperX Fury black DDR3-1866 CL10,7209,1866,1,16
HyperX Fury black DDR4-2133 CL14,2519,2133,2,4
HyperX Fury black DDR4-2133 CL14,9005,2133,2,8
HyperX Fury black DDR4-2133 CL14,9828,2133,2,16
HyperX Fury black DDR4-2133 CL14,10497,2133,2,16
HyperX Fury black DDR4-2133 CL14,18697,2133,2,32
HyperX Fury black DDR4-2400 CL15,0,2400,2,32
HyperX Fury black DDR4-2666 CL15,6859,2666,2,16
HyperX Fury Series,0,3200,2,16
"HyperX Fury Series, DDR4-2666, CL15 - 16 GB Kit",0,2666,2,16
"HyperX Fury Series, DDR4-2666, CL15 - 32 GB Kit",0,2666,2,32
HyperX Fury white DDR3-1600 CL10,1469,1600,1,4
HyperX Fury white DDR3-1600 CL10,2729,1600,1,8
HyperX Fury white DDR3-1600 CL10,3289,1600,1,8
HyperX Fury white DDR3-1600 CL10,5555,1600,1,16
HyperX Fury white DDR3-1866 CL10,1609,1866,1,4
HyperX Fury white DDR3-1866 CL10,2939,1866,1,8
HyperX Fury white DDR3-1866 CL10,3009,1866,1,8
HyperX Predator DDR3-1866 CL9,0,1866,1,32
HyperX Predator DDR3-1866 CL9,0,1866,1,16
HyperX Predator DDR3-1866 CL9,0,1866,1,8
HyperX Predator DDR4-3000 CL15,10499,3000,2,32
HyperX Predator DDR4-3000 CL15,13605,3000,2,32
HyperX Predator DDR4-3200 CL16,6440,3200,2,16
HyperX Savage DDR4-2666 CL15,0,2666,2,128
HyperX Savage red DDR3-1600 CL9,0,1600,1,32
HyperX Savage red DDR3-1866 CL9,0,1866,1,32
HyperX Savage red DDR3-1866 CL9,0,1866,1,8
HyperX Savage red DDR3-1866 CL9,0,1866,1,4
HyperX Savage red DDR3-1866 CL9,9361,1866,1,16
HyperX Savage black DDR4-2133 CL13,0,2133,2,8
HyperX Savage black DDR4-2133 CL13,0,2133,2,4
HyperX Savage black DDR4-2400 CL12 XMP,0,2400,2,16
HyperX Savage black DDR4-2400 CL12 XMP,0,2400,2,8
HyperX Savage black DDR4-2400 CL12 XMP,0,2400,2,4
HyperX Savage black DDR4-2400 CL12 XMP,0,2400,2,8
HyperX Savage black DDR4-2400 CL12 XMP,23737,2400,2,32
HyperX Savage black DDR4-2666 CL13  XMP,0,2666,2,8
INNO3D iChill Memory,0,3200,2,16
INNO3D iChill Memory,0,3600,2,16
Intenso Desktop Pro DDR4-2133 CL15,0,2133,2,8
Kingston Fury Beast,4199,4800,3,16
Kingston Fury Beast,8399,4800,3,32
Kingston Fury Beast Black,4538,5200,3,16
Kingston Fury Beast Black,8399,5200,3,32
Kingston Value  DDR3-1600  CL11,1518,1600,1,4
Kingston Value  DDR4-2133  CL15,0,2133,2,16
Kingston Value  DDR4-2133  CL15  kit,0,2133,2,32
Kingston Value  DDR4-2133  CL15 reg. ECC,0,2133,2,32
Kingston Value  DDR4-2133 CL15,0,2133,2,8
Kingston Value  DDR4-2400  CL17,2758,2400,2,8
Kingston Value  DDR4-2400  CL17,4865,2400,2,16
Kingston Value DDR3-1600  CL11,3009,1600,1,8
Kingston Value DDR3-1600  CL11,5179,1600,1,16
Kingston Value DDR3-1600 CL11 ECC Modul,0,1600,1,8
Kingston Value DDR4-2133  CL15,0,2133,2,16
Kingston ValueRAM,0,4800,3,32
Kingston ValueRAM,0,4800,3,16
"Team Group Dark Pro Series grey, DDR4-3200, CL16 - 8 GB Kit",0,3200,2,8
"Team Group Dark Pro Series red, DDR4-3000, CL15 - 16 GB Kit",0,3000,2,16
"Team Group Dark Pro Series red, DDR4-3000, CL15 - 8 GB Kit",0,3000,2,8
"Team Group Dark Pro Series red, DDR4-3200, CL16 - 8 GB Kit",0,3200,2,8
"Team Group Dark Series blue, DDR4-2666, CL15 - 16 GB Kit",0,2666,2,16
"Team Group Dark Series white, DDR4-3000, CL16 - 16 GB Kit",0,3000,2,16
"Team Group Elite Plus Series black, DDR4-2133, CL15 - 16 GB Kit",0,2133,2,16
"Team Group Elite Plus Series black, DDR4-2400, CL16 - 8 GB",0,2400,2,8
"Team Group T-Force Dark grey, DDR4-3000, CL16 - 16 GB Kit",0,3000,2,16
"Team Group T-Force Dark red, DDR4-3000, CL16 - 16 GB Kit",0,3000,2,16
Team Group T-Force Nighthawk,0,3200,2,16
"Team Group T-Force Nighthawk, blaue LED, DDR4-3000, CL16 - 16 GB Kit",0,3000,2,16
"Team Group T-Force Nighthawk, blaue LED, DDR4-3200, CL16 - 32 GB Kit",0,3200,2,32
"Team Group T-Force Nighthawk, rote LED, DDR4-3000, CL16 - 16 GB Kit",0,3000,2,16
"Team Group T-Force Nighthawk, rote LED, DDR4-3200, CL16 - 16 GB Kit",0,3200,2,16
"Team Group T-Force Nighthawk, rote LED, DDR4-3200, CL16 - 32 GB Kit",0,3200,2,32
"Team Group T-Force Nighthawk, weiße LED, DDR4-3000, CL16 - 16 GB Kit",0,3000,2,16
"Team Group T-Force Nighthawk, weiße LED, DDR4-3200, CL16 - 32 GB Kit",0,3200,2,32
"Team Group Vulcan Series Gold, DDR4-3000, CL16 - 32 GB Kit",0,3000,2,32
"Team Group Vulcan Series white, DDR4-3000, CL16 - 16 GB Kit",0,3000,2,16
Thermaltake Toughram RGB DDR4-3200 CL16 - 16 GB Dual-Kit,6999,3200,2,16
Thermaltake Toughram RGB DDR4-3600 CL18 - 16 GB Dual-Kit,8399,3600,2,16
ADATA Premier Series DDR3-1600 CL11,0,1600,1,4
ADATA Premier Series DDR3-1600 CL11,4199,1600,1,8
ADATA XPC V1.0 DDR3-1600 CL9,3872,1600,1,8
ADATA XPC V1.0 DDR3-1600 CL9,5469,1600,1,16
ADATA XPG Gammix D10,0,3000,2,16
ADATA XPG Gammix D10,0,2666,2,16
ADATA XPG Gammix D10,0,2666,2,32
ADATA XPG Gammix D10,0,3000,2,8
ADATA XPG Gammix D10,0,3000,2,16
ADATA XPG Gammix D10,0,2666,2,16
ADATA XPG Gammix D10,0,2400,2,16
ADATA XPG Gammix D10,0,2400,2,8
ADATA XPG Gammix D10,0,2400,2,32
ADATA XPG Spectrix D40 RGB,0,3000,2,16
ADATA XPG Spectrix D50 Xtreme,0,5000,2,16
ADATA XPG Spectrix D50 Xtreme,0,4800,2,16
ADATA XPG Spectrix D80 red,0,3000,2,16
ADATA XPG Spectrix D80 red,0,3000,2,32
ADATA XPG Spectrix D80 black,0,3000,2,32
ADATA XPG Spectrix D80 black,0,3000,2,16
ADATA XPG Spectrix RGB D41 grey,0,3000,2,32
ADATA XPG Spectrix RGB D41 grey,5612,3000,2,16
ADATA XPG Spectrix RGB D41 red,0,3000,2,16
ADATA XPG Spectrix RGB D60G grey,0,3000,2,16
"Avexir Blitz Series, rote LED, DDR4-3200, CL16 - 16 GB Kit",0,3200,2,16
"Avexir Core Series, blaue LED, DDR4-2400, CL16 - 4 GB",0,2400,2,4
"Avexir Core Series, grüne LED, DDR4-2400, CL16 - 4 GB",0,2400,2,4
"Avexir Core Series, rote LED, DDR4-2400, CL16 - 16 GB Kit",0,2400,2,16
"Avexir Core Series, rote LED, DDR4-2400, CL16 - 16 GB Kit",0,2400,2,16
"Avexir Core Series, weiße LED, DDR4-2400, CL16 - 16 GB Kit",0,2400,2,16
"Avexir Core Series, weiße LED, DDR4-2400, CL16 - 4 GB",0,2400,2,4
Ballistix Elite DDR4-2666 CL16,2796,2666,2,4
Ballistix Sport DDR3-1600 CL9,0,1600,1,8
Ballistix Tactical DDR4-3000 CL15,4409,3000,2,8
Corsair 16GB,3359,2400,2,16
Corsair 1GB DDR2 Memory,470,667,0,1
Corsair 1GB DDR2 Memory,8321,533,0,1
Corsair 2GB DDR2 Memory,2157,800,0,2
Corsair 2GB Dual Channel DDR2 Memory Kit,2029,533,0,2
Corsair 8GB,1959,2400,2,8
Corsair 8GB,3079,1600,1,8
Corsair 8GB DDR3 Memory,2799,1600,1,8
Corsair 8GB Dual Channel DDR3 Memory Kit,3464,1333,1,8
Corsair Dominator DDR3-1600 CL9,0,1600,1,8
"Corsair Dominator Limited Orange DDR4-3400, CL16 - 16 GB Quad Kit",0,3400,2,16
Corsair Dominator Platinum + AF,8047,3600,2,8
Corsair Dominator Platinum + AF,13299,4000,2,8
"Corsair Dominator Platinum + AF, DDR4-3600, CL 16 - 32 GB Quad Kit",38849,3600,2,32
"Corsair Dominator Platinum + AF, DDR4-3600, CL 18 - 16 GB Quad Kit",7994,3600,2,16
"Corsair Dominator Platinum + AF, DDR4-3733, CL 17 - 8 GB Dual Kit",6097,3733,2,8
"Corsair Dominator Platinum + AF, DDR4-3866, CL 18 - 8 GB Dual Kit",11116,3866,2,8
Corsair Dominator Platinum DDR4-2400 CL14,82276,2400,2,128
Corsair Dominator Platinum DDR4-2666 CL15,18549,2666,2,16
Corsair Dominator Platinum DDR4-2666 CL15,53199,2666,2,128
Corsair Dominator Platinum DDR4-2800 CL14,0,2800,2,128
Corsair Dominator Platinum DDR4-2800 CL14,43239,2800,2,64
Corsair Dominator Platinum DDR4-2800 CL16,0,2800,2,16
Corsair Dominator Platinum DDR4-3000 CL15,6976,3000,2,8
Corsair Dominator Platinum DDR4-3000 CL15,7699,3000,2,16
Corsair Dominator Platinum DDR4-3000 CL16,84219,3000,2,128
Corsair Dominator Platinum DDR4-3200 CL16,0,3200,2,32
Corsair Dominator Platinum DDR4-3200 CL16,209999,3200,2,8
Corsair Dominator Platinum RGB,10149,5200,3,32
Corsair Dominator Platinum RGB,10499,5600,3,32
Corsair Dominator Platinum RGB,14349,6200,3,32
Corsair Dominator Platinum RGB,15399,6400,3,32
Corsair Dominator Platinum RGB,18199,5200,3,64
Corsair Dominator Platinum RGB,20999,5200,3,64
Corsair Dominator Platinum RGB,22399,5600,3,64
Corsair Dominator Platinum RGB,23799,6000,3,64
Corsair Dominator Platinum RGB Series,9449,3000,2,16
Corsair Dominator Platinum RGB Series,12949,3200,2,32
Corsair Dominator Platinum RGB Series,15049,3600,2,32
Corsair Dominator Platinum RGB Series,15049,3000,2,32
Corsair Dominator Platinum RGB Series,19809,3000,2,32
Corsair Dominator Platinum RGB Series,20299,3600,2,64
Corsair Dominator Platinum RGB Series,25199,3000,2,64
Corsair Dominator Platinum RGB Series,30799,3200,2,64
Corsair Dominator Platinum RGB Series,33714,4266,2,16
Corsair Dominator Platinum RGB Series,38499,3600,2,64
Corsair Dominator Platinum RGB Series,83999,3600,2,128
Corsair Dominator Platinum ROG Edition 32GB,31436,3200,2,32
Corsair Dominator Platinum Series,91856,2400,2,64
Corsair Dominator Platinum Series 128GB,55299,3200,2,128
Corsair Dominator Platinum Series 16GB,0,2800,2,16
Corsair Dominator Platinum Series 16GB,6552,3200,2,16
Corsair Dominator Platinum Series 16GB,8699,3200,2,16
Corsair Dominator Platinum Series 16GB,9932,2666,2,16
Corsair Dominator Platinum Series 16GB,13999,2400,2,16
Corsair Dominator Platinum Series 16GB,16868,3866,2,16
Corsair Dominator Platinum Series 16GB,18199,3733,2,16
Corsair Dominator Platinum Series 16GB,18899,3200,2,16
Corsair Dominator Platinum Series 16GB,24009,4000,2,16
Corsair Dominator Platinum Series 16GB,350000,2133,2,16
Corsair Dominator Platinum Series 32GB,0,2800,2,32
Corsair Dominator Platinum Series 32GB,0,2800,2,32
Corsair Dominator Platinum Series 32GB,0,2400,2,32
Corsair Dominator Platinum Series 32GB,8216,2400,2,32
Corsair Dominator Platinum Series 32GB,8216,2400,2,32
Corsair Dominator Platinum Series 32GB,8321,3866,2,32
Corsair Dominator Platinum Series 32GB,8643,2133,2,32
Corsair Dominator Platinum Series 32GB,12599,3000,2,32
Corsair Dominator Platinum Series 32GB,12809,2666,2,32
Corsair Dominator Platinum Series 32GB,16589,3000,2,32
Corsair Dominator Platinum Series 32GB,36889,3333,2,32
Corsair Dominator Platinum Series 32GB,39759,3733,2,32
Corsair Dominator Platinum Series 32GB,44082,4000,2,32
Corsair Dominator Platinum Series 32GB,96984,2800,2,32
Corsair Dominator Platinum Series 64GB,8216,3333,2,64
Corsair Dominator Platinum Series 64GB,21139,2666,2,64
Corsair Dominator Platinum Series 64GB,23099,3000,2,64
Corsair Dominator Platinum Series 64GB,23099,3200,2,64
Corsair Dominator Platinum Series 64GB,47394,2800,2,64
Corsair Dominator Platinum Series 64GB,50315,2800,2,64
Corsair Dominator Platinum Series 64GB,70839,3466,2,64
Corsair Dominator Platinum Series 64GB,71889,3200,2,64
Corsair Dominator Platinum Series 64GB,75249,2666,2,64
Corsair Dominator Platinum Series DDR4-2666,6509,2666,2,16
Corsair Dominator Platinum Series DDR4-2666,12599,2666,2,32
"Corsair Dominator Platinum Series DDR4-3000, CL15 - 16 GB Quad Kit",17679,3000,2,16
"Corsair Dominator Platinum Series DDR4-3200, CL15 - 16 GB Quad Kit",0,3200,2,16
"Corsair Dominator Platinum Series DDR4-3200, CL16 - 16 GB Quad Kit",14978,3200,2,16
Corsair Dominator Platinum Series — 16GB,8699,2133,1,16
Corsair Dominator Platinum Series — 16GB,8699,2400,1,16
Corsair Dominator Platinum Series — 16GB,8699,2400,1,16
Corsair Dominator Platinum Series — 16GB,11574,2400,1,16
Corsair Dominator Platinum Series — 16GB,37240,1866,1,16
Corsair Dominator Platinum Series — 16GB,43512,1866,1,16
Corsair Dominator Platinum Series — 16GB,54088,2133,1,16
Corsair Dominator Platinum Series — 16GB,70347,2800,1,16
Corsair Dominator Platinum Series — 16GB,72282,2666,1,16
Corsair Dominator Platinum Series — 16GB,80762,1600,1,16
Corsair Dominator Platinum Series — 16GB,102837,2933,1,16
Corsair Dominator Platinum Series — 16GB,130242,3000,1,16
Corsair LED 32GB,33039,3200,2,32
Corsair LED 32GB,48478,2666,2,64
Corsair Low Profile Blue — 16GB Dual Channel DDR3 Memory Kit,21809,1600,1,16
Corsair Low Profile Blue — 4GB Dual Channel DDR3 Memory Kit,8126,1600,1,4
Corsair Low Profile Blue — 8GB Dual Channel DDR3 Memory Kit,0,2133,1,8
Corsair Low Profile — 16GB Dual Channel DDR3 Memory Kit,5852,1600,1,16
Corsair Low Profile — 16GB Dual/Quad Channel DDR3 Memory Kit,0,1600,1,16
Corsair Low Profile — 32GB Dual/Quad Channel DDR3 Memory Kit,11549,1600,1,32
Corsair Low Profile — 32GB Dual/Quad Channel DDR3 Memory Kit,17196,1600,1,32
Corsair Low Profile — 4GB DDR3 Memory Kit,0,1600,1,4
Corsair Low Profile — 4GB Dual Channel DDR3 Memory Kit,2786,1600,1,4
Corsair Low Profile — 8GB DDR3 Memory Kit,4542,1600,1,8
Corsair Low Profile — 8GB Dual Channel DDR3 Memory Kit,0,1600,1,8
Corsair LP Memory 16GB 1866MHz CL10 DDR3,42945,1866,1,16
Corsair LP Memory 32GB 1866MHz CL10 DDR3 Dual/Quad Kit,70933,1866,1,32
Corsair LPX 128GB,0,2133,2,128
Corsair LPX 128GB,0,3333,2,128
Corsair LPX 128GB,25899,3000,2,128
Corsair LPX 16GB,0,2133,2,16
Corsair LPX 16GB,2799,2400,2,16
Corsair LPX 16GB,3009,3200,2,16
Corsair LPX 16GB,3149,2400,2,16
Corsair LPX 16GB,3499,2400,2,16
Corsair LPX 16GB,5179,3000,2,16
Corsair LPX 16GB,5653,2133,2,16
Corsair LPX 16GB,5949,2666,2,16
Corsair LPX 16GB,6089,2400,2,16
Corsair LPX 16GB,6579,2400,2,16
Corsair LPX 16GB,7694,2666,2,16
Corsair LPX 16GB,8398,3000,2,16
Corsair LPX 16GB,8834,2666,2,16
Corsair LPX 16GB,9099,3000,2,16
Corsair LPX 16GB,12312,3200,2,16
Corsair LPX 16GB,12459,2400,2,32
Corsair LPX 16GB,15755,3300,2,16
Corsair LPX 16GB,16485,4000,2,16
Corsair LPX 16GB,17499,4266,2,16
Corsair LPX 16GB,32507,3400,2,16
Corsair LPX 32GB,0,3400,2,32
Corsair LPX 32GB,0,3333,2,32
Corsair LPX 32GB,5949,2400,2,32
Corsair LPX 32GB,36749,3866,2,32
Corsair LPX 32GB,37939,4000,2,32
Corsair LPX 32GB,70139,3200,2,32
Corsair Memory — 32GB 1866MHz CL9 DDR3,8699,1866,1,32
Corsair Pro Series — 16GB,0,1866,1,16
Corsair Pro Series — 16GB,0,2133,1,16
Corsair Pro Series — 16GB,0,2666,1,16
Corsair Pro Series — 16GB,0,2933,1,16
Corsair Pro Series — 16GB,0,2133,1,16
Corsair Pro Series — 16GB,7429,1600,1,16
Corsair Pro Series — 16GB,8773,1866,1,16
Corsair Pro Series — 16GB,10244,2400,1,16
Corsair Pro Series — 16GB,11829,2133,1,16
Corsair Pro Series — 32GB,0,1600,1,32
Corsair Pro Series — 32GB,12809,1600,1,32
Corsair Pro Series — 32GB,12949,1600,1,32
Corsair Pro Series — 32GB,13136,2800,1,32
Corsair Pro Series — 32GB,13232,1866,1,32
Corsair Pro Series — 32GB,18761,2133,1,32
Corsair Pro Series — 64GB,0,2133,1,64
Corsair Pro Series — 64GB,24567,2400,1,64
Corsair Pro Series — 8GB,0,2133,1,8
Corsair Pro Series — 8GB,0,2133,1,8
Corsair Pro Series — 8GB,0,2800,1,8
Corsair Pro Series — 8GB,0,2933,1,8
Corsair Pro Series — 8GB,2799,1600,1,8
Corsair Pro Series — 8GB,3009,1600,1,8
Corsair Pro Series — 8GB,3516,1600,1,8
Corsair Pro Series — 8GB,4417,1600,1,8
Corsair Pro Series — 8GB,6421,2133,1,8
Corsair Pro Series — 8GB,8699,1866,1,8
Corsair Pro Series — 8GB,8699,1866,1,8
Corsair Pro Series — 8GB,18102,2133,1,8
Corsair Pro Series — 8GB,20857,2133,1,8
Corsair Pro Series — 8GB,21980,2133,1,8
Corsair RGB 16GB,6052,2666,2,16
Corsair RGB 16GB,7699,3000,2,16
Corsair RGB 32GB,11199,2666,2,32
Corsair RGB 32GB,14872,3000,2,32
Corsair RGB 32GB,21548,3200,2,32
Corsair RGB 32GB,23799,3333,2,32
Corsair RGB 32GB,31849,3600,2,32
Corsair RGB 32GB,34939,3466,2,32
Corsair RGB 64GB,57749,2666,2,64
Corsair SO-Dimm Vengeance Series DDR4-3000,4543,3000,2,16
Corsair ValueSelect,1749,2133,2,4
Corsair ValueSelect,2388,2133,2,8
Corsair ValueSelect,3009,2133,2,16
Corsair ValueSelect,4195,2133,2,16
Corsair ValueSelect,12039,2133,2,32
Corsair ValueSelect DDR3-1333 CL9,0,1333,1,2
Corsair ValueSelect DDR3-1333 CL9,1609,1333,1,4
Corsair ValueSelect DDR3-1333 CL9,1855,1333,1,4
Corsair ValueSelect DDR3-1333 CL9,2643,1333,1,8
Corsair ValueSelect DDR3-1333 CL9,5039,1333,1,16
Corsair ValueSelect Series DDR4-2133,2445,2133,2,8
Corsair Vengeance,15399,5200,3,64
Corsair Vengeance,16799,7200,3,32
Corsair Vengeance,18199,7000,3,32
Corsair Vengeance,20299,6000,3,64
Corsair Vengeance blue DDR3-1600 CL9,2099,1600,1,4
Corsair Vengeance blue DDR3-1600 CL9,3499,1600,1,8
Corsair Vengeance blue DDR3-2133 CL11,8679,2133,1,8
Corsair Vengeance DDR3-1600 CL10,2799,1600,1,8
Corsair Vengeance DDR3-1600 CL10,5949,1600,1,16
Corsair Vengeance DDR3-1600 CL9,0,1600,1,16
Corsair Vengeance DDR3-1600 CL9,0,1600,1,32
Corsair Vengeance DDR3-1600 CL9,2799,1600,1,8
Corsair Vengeance DDR3-1600 CL9,3009,1600,1,4
Corsair Vengeance DDR3-1600 CL9,6299,1600,1,12
Corsair Vengeance DDR3-1600 CL9,6719,1600,1,16
Corsair Vengeance DDR3-1600 CL9   Low Profile,3499,1600,1,8
Corsair Vengeance LED blue DDR4-3000  CL15,9239,3000,2,16
Corsair Vengeance LED blue DDR4-3000  CL15,13141,3000,2,32
Corsair Vengeance LED blue DDR4-3000  CL15,17499,3000,2,32
Corsair Vengeance LED blue DDR4-3200  CL16,23762,3200,2,32
Corsair Vengeance LED blue DDR4-3200  CL16,23940,3200,2,32
Corsair Vengeance LED blue DDR4-3200  CL16,44277,3200,2,64
Corsair Vengeance LED red DDR4-2666  CL16,9939,2666,2,16
Corsair Vengeance LED red DDR4-3000  CL15,13159,3000,2,16
Corsair Vengeance LED red DDR4-3000  CL15,20299,3000,2,32
Corsair Vengeance LED red DDR4-3000  CL15,20422,3000,2,32
Corsair Vengeance LED red DDR4-3200  CL16,8164,3200,2,32
Corsair Vengeance LED red DDR4-3200  CL16,61357,3200,2,64
Corsair Vengeance LED red DDR4-3200  CL16,209999,3200,2,32
Corsair Vengeance LED red DDR4-3400  CL16,93576,3400,2,32
Corsair Vengeance LED red DDR4-3466  CL16,0,3466,2,32
Corsair Vengeance LED Series,8038,2666,2,16
Corsair Vengeance LED white DDR4-3000  CL15,7696,3000,2,16
Corsair Vengeance LED white DDR4-3000  CL15,8197,3000,2,32
Corsair Vengeance LED white DDR4-3000  CL15,8197,3000,2,32
Corsair Vengeance LED white DDR4-3200  CL16,66219,3200,2,64
Corsair Vengeance LED white DDR4-3400  CL16,0,3400,2,32
Corsair Vengeance LED white DDR4-3466  CL16,7994,3466,2,32
Corsair Vengeance LP DDR3-1600 CL10,2869,1600,1,8
Corsair Vengeance LP DDR3-1600 CL9,2445,1600,1,4
Corsair Vengeance LPX,9446,3200,2,16
Corsair Vengeance LPX Black DDR4-2133  CL13,12459,2133,2,32
Corsair Vengeance LPX Black DDR4-2800  CL14,0,2800,2,32
Corsair Vengeance LPX Black DDR4-3200  CL16,7349,3200,2,32
Corsair Vengeance LPX blue DDR4-2133  CL13,9580,2133,2,16
Corsair Vengeance LPX Blue DDR4-2400  CL14,6867,2400,2,16
Corsair Vengeance LPX DDR4-2800 CL14   black,0,2800,2,64
Corsair Vengeance LPX DDR4-2800 CL16  - blue,0,2800,2,16
Corsair Vengeance LPX DDR4-2800 CL16  - red,7752,2800,2,16
Corsair Vengeance LPX DDR4-2800 CL16  - black,8700,2800,2,16
Corsair Vengeance LPX DDR4-2800 red CL16,0,2800,2,8
Corsair Vengeance LPX DDR4-2800 black CL16,0,2800,2,8
Corsair Vengeance LPX DDR4-2800 black CL16,19524,2800,2,32
"Corsair Vengeance LPX red + AF, DDR4-3600, CL 16 - 32 GB Quad Kit",36889,3600,2,32
"Corsair Vengeance LPX red + AF, DDR4-3600, CL 18 - 32 GB Quad Kit",0,3600,2,32
"Corsair Vengeance LPX red + AF, DDR4-3600, CL 18 - 8 GB Dual Kit",0,3600,2,8
"Corsair Vengeance LPX red + AF, DDR4-3733, CL 17 - 16 GB Dual Kit",17989,3733,2,16
"Corsair Vengeance LPX red + AF, DDR4-3733, CL 17 - 32 GB Quad Kit",35839,3733,2,32
"Corsair Vengeance LPX red + AF, DDR4-3866, CL 18 - 16 GB Quad Kit",37295,3866,2,16
"Corsair Vengeance LPX red + AF, DDR4-3866, CL 18 - 8 GB Dual Kit",0,3866,2,8
"Corsair Vengeance LPX red + AF, DDR4-4000, CL 19 - 16 GB Dual Kit",0,4000,2,16
"Corsair Vengeance LPX red + AF, DDR4-4000, CL 19 - 8 GB Dual Kit",0,4000,2,8
"Corsair Vengeance LPX red + AF, DDR4-4133, CL 19 - 8 GB Dual Kit",0,4133,2,8
"Corsair Vengeance LPX red + AF, DDR4-4200, CL 19 - 8 GB Dual Kit",0,4200,2,8
"Corsair Vengeance LPX red + AF, DDR4-4266, CL 19 - 8 GB Dual Kit",0,4266,2,8
Corsair Vengeance LPX red DDR4-2133  CL13,16099,2133,2,64
Corsair Vengeance LPX red DDR4-2133MHz CL13,2939,2133,2,8
Corsair Vengeance LPX red DDR4-3200  CL16,10499,3200,2,32
Corsair Vengeance LPX red DDR4-3200MHz CL16,7699,3200,2,8
Corsair Vengeance LPX black,3149,3200,2,16
Corsair Vengeance LPX black,3497,3600,2,16
Corsair Vengeance LPX black,3499,3600,2,16
Corsair Vengeance LPX black,5599,3200,2,32
Corsair Vengeance LPX black,5859,2400,2,16
Corsair Vengeance LPX black,10149,3200,2,64
Corsair Vengeance LPX black,11549,3000,2,64
Corsair Vengeance LPX black,11899,3200,2,64
Corsair Vengeance LPX black,22049,2666,2,128
Corsair Vengeance LPX black,29889,3200,2,64
Corsair Vengeance LPX black + AF,16519,3600,2,32
"Corsair Vengeance LPX black + AF, DDR4-3600, CL 18 - 16 GB Quad Kit",9209,3600,2,16
"Corsair Vengeance LPX black + AF, DDR4-3600, CL 18 - 8 GB Dual Kit",9589,3600,2,8
"Corsair Vengeance LPX black + AF, DDR4-3733, CL 17 - 16 GB Quad Kit",20439,3733,2,16
"Corsair Vengeance LPX black + AF, DDR4-3733, CL 17 - 8 GB Dual Kit",0,3733,2,8
"Corsair Vengeance LPX black + AF, DDR4-4000, CL 19 - 8 GB Dual Kit",0,4000,2,8
"Corsair Vengeance LPX black + AF, DDR4-4133, CL 19 - 8 GB Dual Kit",0,4133,2,8
"Corsair Vengeance LPX black + AF, DDR4-4200, CL 19 - 8 GB Dual Kit",0,4200,2,8
Corsair Vengeance LPX black DDR4-2133  CL13,28419,2133,2,64
Corsair Vengeance LPX black DDR4-2133MHz CL13,3348,2133,2,8
Corsair Vengeance LPX Series blue DDR4-2666,9939,2666,2,32
Corsair Vengeance LPX Series red,9799,3000,2,32
Corsair Vengeance LPX Series red DDR4-2400,3289,2400,2,8
Corsair Vengeance LPX Series red DDR4-2666,4129,2666,2,16
Corsair Vengeance LPX Series red DDR4-2666,10009,2666,2,32
"Corsair Vengeance LPX Series red DDR4-2666, CL16 - 8 GB Kit",2799,2666,2,8
Corsair Vengeance LPX Series red DDR4-3000,6719,3000,2,16
"Corsair Vengeance LPX Series red DDR4-3200, CL16 - 16 GB Kit",0,3200,2,16
Corsair Vengeance LPX Series black,3149,2666,2,16
Corsair Vengeance LPX Series black,3499,3000,2,16
Corsair Vengeance LPX Series black,5809,2666,2,32
Corsair Vengeance LPX Series black,9589,2666,2,64
Corsair Vengeance LPX Series black DDR4-2133,3499,2133,2,16
Corsair Vengeance LPX Series black DDR4-2133,5599,2133,2,32
Corsair Vengeance LPX Series black DDR4-2400,3359,2400,2,8
Corsair Vengeance LPX Series black DDR4-2400,3499,2400,2,16
Corsair Vengeance LPX Series black DDR4-2400,6649,2400,2,16
Corsair Vengeance LPX Series black DDR4-2400,34999,2400,2,128
Corsair Vengeance LPX Series black DDR4-2666,2799,2666,2,8
Corsair Vengeance LPX Series black DDR4-2666,3499,2666,2,16
Corsair Vengeance LPX Series black DDR4-2666,5599,2666,2,16
Corsair Vengeance LPX Series black DDR4-2666,6649,2666,2,32
Corsair Vengeance LPX Series black DDR4-3000,3919,3000,2,8
Corsair Vengeance LPX Series black DDR4-3000,9099,3000,2,32
"Corsair Vengeance LPX Series black DDR4-3200, CL16 - 16 GB Kit",13999,3200,2,16
Corsair Vengeance LPX Series white,3499,2666,2,16
Corsair Vengeance LPX Series white,3499,3000,2,16
Corsair Vengeance LPX Series white,4689,3000,2,16
Corsair Vengeance LPX Series white,9799,3000,2,32
Corsair Vengeance LPX Series white,11305,2666,2,32
Corsair Vengeance LPX Series white,25899,2666,2,64
Corsair Vengeance Pro Blue DDR3-1600 CL9,5359,1600,1,16
Corsair Vengeance Pro DDR3-2400 CL11,0,2400,1,8
Corsair Vengeance Pro Gold DDR3-2133 CL11,0,2133,1,16
Corsair Vengeance Pro Gold DDR3-2400 CL11,10244,2400,1,16
Corsair Vengeance Pro Red DDR3-1600 CL9,6299,1600,1,16
Corsair Vengeance Pro red DDR3-2400 CL11,0,2400,1,8
Corsair Vengeance Pro Silver DDR3-1600 CL9,5949,1600,1,16
Corsair Vengeance RGB,18899,7000,3,32
Corsair Vengeance RGB,20299,7200,3,32
Corsair Vengeance RGB,20999,6000,3,64
Corsair Vengeance RGB Pro black,4899,3600,2,16
Corsair Vengeance RGB Pro black,5949,3000,2,32
Corsair Vengeance RGB Pro black,6999,3200,2,32
Corsair Vengeance RGB Pro black,11899,3600,2,64
Corsair Vengeance RGB Pro black,12949,3200,2,64
Corsair Vengeance RGB Pro black,24780,3000,2,64
Corsair Vengeance RGB Pro Series black,4549,2666,2,16
Corsair Vengeance RGB Pro Series black,4899,2933,2,16
Corsair Vengeance RGB Pro Series black,4899,3000,2,16
Corsair Vengeance RGB Pro Series black,5714,3200,2,16
Corsair Vengeance RGB Pro Series black,6999,2666,2,32
Corsair Vengeance RGB Pro Series black,7349,2933,2,32
Corsair Vengeance RGB Pro Series black,7699,4000,2,16
Corsair Vengeance RGB Pro Series black,8749,3200,2,32
Corsair Vengeance RGB Pro Series black,11059,3000,2,32
Corsair Vengeance RGB Pro Series black,11199,3600,2,32
Corsair Vengeance RGB Pro Series black,11339,2933,2,32
Corsair Vengeance RGB Pro Series black,14666,2666,2,32
Corsair Vengeance RGB Pro Series black,15119,3000,2,32
Corsair Vengeance RGB Pro Series black,18549,2933,2,64
Corsair Vengeance RGB Pro Series black,19249,3000,2,64
Corsair Vengeance RGB Pro Series black,20159,3200,2,64
Corsair Vengeance RGB Pro Series black,25899,2666,2,64
Corsair Vengeance RGB Pro Series black,26928,3200,2,32
Corsair Vengeance RGB Pro Series black,31919,3466,2,64
Corsair Vengeance RGB Pro Series black,34299,3600,2,64
Corsair Vengeance RGB Pro Series black,37512,3733,2,32
Corsair Vengeance RGB Pro Series black,45009,4266,2,32
Corsair Vengeance RGB Pro Series white,0,3000,2,64
Corsair Vengeance RGB Pro Series white,0,3466,2,64
Corsair Vengeance RGB Pro Series white,0,3000,2,64
Corsair Vengeance RGB Pro Series white,4549,2666,2,16
Corsair Vengeance RGB Pro Series white,4899,3000,2,16
Corsair Vengeance RGB Pro Series white,6999,2666,2,32
Corsair Vengeance RGB Pro Series white,8399,3200,2,32
Corsair Vengeance RGB Pro Series white,9799,3000,2,32
Corsair Vengeance RGB Pro Series white,11199,3600,2,32
Corsair Vengeance RGB Pro Series white,11269,2666,2,32
Corsair Vengeance RGB Pro Series white,12039,3200,2,32
Corsair Vengeance RGB Pro Series white,15679,3000,2,32
Corsair Vengeance RGB Pro Series white,17747,2666,2,64
Corsair Vengeance RGB Pro Series white,17849,2666,2,64
Corsair Vengeance RGB Pro Series white,20159,3200,2,64
Corsair Vengeance RGB Pro Series white,25199,3200,2,64
Corsair Vengeance RGB Pro Series white,34649,3600,2,64
Corsair Vengeance RGB Pro Series white,47109,3600,2,64
Corsair Vengeance RGB Pro SL,3849,3200,2,16
Corsair Vengeance RGB Pro SL,4338,3200,2,16
Corsair Vengeance RGB Pro SL,4759,3600,2,16
Corsair Vengeance RGB Pro SL,4759,3600,2,16
Corsair Vengeance RGB Pro SL,5949,3200,2,32
Corsair Vengeance RGB Pro SL,6299,3600,2,32
Corsair Vengeance RGB Pro SL,6859,3200,2,32
Corsair Vengeance RGB Pro SL,7209,3600,2,32
Corsair Vengeance RGB Pro SL,8749,3200,2,32
Corsair Vengeance RGB Pro SL,9799,3600,2,32
Corsair Vengeance RGB Pro SL,26599,3200,2,128
Corsair Vengeance RGB Pro SL DDR4-3200,8749,3200,2,32
Corsair Vengeance RGB Pro SL für AMD Ryzen,4549,3200,2,16
Corsair Vengeance RGB Pro SL für AMD Ryzen,4899,3600,2,16
Corsair Vengeance RGB Pro SL für AMD Ryzen,7349,3600,2,32
Corsair Vengeance RGB Pro SL für AMD Ryzen,7349,3200,2,32
Corsair Vengeance RGB RS,4199,3200,2,16
Corsair Vengeance RGB RS,4689,3600,2,16
Corsair Vengeance RGB RS,6649,3200,2,32
Corsair Vengeance RGB RS,6999,3600,2,32
Corsair Vengeance RGB RS,11129,3600,2,32
Corsair Vengeance RGB RS,11899,3200,2,32
Corsair Vengeance RGB RS,13649,3200,2,64
Corsair Vengeance RGB RS,13999,3600,2,64
Corsair Vengeance RGB RS,19599,3200,2,64
Corsair Vengeance RGB RS,41089,3200,2,128
Corsair Vengeance RGB RT,4549,3200,2,16
Corsair Vengeance RGB RT,4899,3600,2,16
Corsair Vengeance RGB RT,4899,3600,2,16
Corsair Vengeance RGB RT,5245,3200,2,16
Corsair Vengeance RGB RT,6299,3600,2,16
Corsair Vengeance RGB RT,6999,3200,2,32
Corsair Vengeance RGB RT,6999,3200,2,32
Corsair Vengeance RGB RT,7349,4000,2,16
Corsair Vengeance RGB RT,7629,3600,2,32
Corsair Vengeance RGB RT,7699,3600,2,32
Corsair Vengeance RGB RT,8049,3600,2,32
Corsair Vengeance RGB RT,9799,3200,2,32
Corsair Vengeance RGB RT,9799,3200,2,32
Corsair Vengeance RGB RT,10849,3600,2,32
Corsair Vengeance RGB RT,10849,3600,2,32
Corsair Vengeance RGB RT,12249,3200,2,64
Corsair Vengeance RGB RT,13649,4000,2,32
Corsair Vengeance RGB RT,13999,4600,2,32
Corsair Vengeance RGB RT,14699,3200,2,64
Corsair Vengeance RGB RT,15609,3600,2,64
Corsair Vengeance RGB RT,15819,3600,2,64
Corsair Vengeance RGB RT,16449,3200,2,64
Corsair Vengeance RGB RT,16799,3200,2,64
Corsair Vengeance RGB RT,31849,3600,2,128
Corsair Vengeance RGB RT,32199,3200,2,128
Corsair Vengeance RGB Series black,0,3333,2,64
Corsair Vengeance RGB Series white,0,3200,2,32
Corsair XMS DDR3-1600 CL9   für Core i5/i7,2379,1600,1,4
Corsair XMS3 DDR3-1333 CL9,2516,1333,1,8
Corsair XMS3 DDR3-1333 CL9,3009,1333,1,4
Corsair XMS3 DDR3-1333 CL9,3772,1333,1,8
Corsair XMS3 DDR3-1333 CL9   für AMD/Core i3/i5/i7,1749,1333,1,4
Corsair XMS3 DDR3-1600 CL9,3216,1600,1,8
Corsair — 12GB Triple Channel DDR3 Memory Kit,6213,2000,1,12
Corsair — 16GB Dual Channel DDR3 Memory Kit,4899,1600,1,16
Corsair — 16GB Dual Channel DDR3 Memory Kit,4945,1600,1,16
Corsair — 16GB Dual Channel DDR3 Memory Kit,10497,1866,1,16
Corsair — 16GB Dual Channel DDR3 Memory Kit,10941,2133,1,16
Corsair — 16GB Dual Channel DDR3 Memory Kit,409823,1866,1,16
Corsair — 16GB Dual/Quad Channel DDR3 Memory Kit,0,2133,1,16
Corsair — 16GB Dual/Quad Channel DDR3 Memory Kit,6314,1600,1,16
Corsair — 16GB Dual/Quad Channel DDR3 Memory Kit,8126,2133,1,16
Corsair — 16GB Dual/Quad Channel DDR3 Memory Kit,8239,1866,1,16
Corsair — 16GB Dual/Quad Channel DDR3 Memory Kit,23086,1866,1,16
Corsair — 16GB Dual/Quad Channel DDR3 Memory Kit,26119,1600,1,16
Corsair — 24GB Triple Channel DDR3 Memory Kit,9799,1600,1,24
Corsair — 32GB Dual/Quad Channel DDR3 Memory Kit,5949,1600,1,32
Corsair — 4GB Dual Channel DDR3 Memory Kit,2261,1600,1,4
Corsair — 4GB Dual Channel DDR3 Memory Kit,8088,2000,1,4
Corsair — 4GB Single Module DDR3 Memory Kit,1959,1600,1,4
Corsair — 64GB Quad Channel DDR3 Memory Kit,0,1866,1,64
Corsair — 64GB Quad Channel DDR3 Memory Kit,19599,1600,1,64
Corsair — 8GB 1.5V Dual Channel DDR3 Memory Kit,6272,2133,1,8
Corsair — 8GB DDR3 Memory Kit,0,1866,1,8
Corsair — 8GB DDR3 Memory Kit,4708,1600,1,8
Corsair — 8GB Dual Channel DDR3 Memory Kit,3126,1600,1,8
Corsair — 8GB Dual Channel DDR3 Memory Kit,3601,1600,1,8
Corsair — 8GB Dual Channel DDR3 Memory Kit,5618,1866,1,8
Corsair — 8GB Dual Channel DDR3 Memory Kit,8239,1600,1,8
Corsair — 8GB Dual Channel DDR3 Memory Kit,18200,1600,1,8
Crucial Ballistix Elite DDR3-1600 CL8,0,1600,1,8
Crucial Ballistix Elite DDR4-3000 CL15,4829,3000,2,8
Crucial Ballistix Elite DDR4-3200 CL16,3815,3200,2,4
Crucial Ballistix Elite series,9659,4000,2,8
Crucial Ballistix Elite series,18565,4000,2,16
Crucial Ballistix Elite series,27996,3600,2,32
"Crucial Ballistix Elite Series DDR4-2666, CL16 - 16 GB Kit",0,2666,2,16
"Crucial Ballistix Elite Series DDR4-2666, CL16 - 8 GB Kit",5249,2666,2,8
"Crucial Ballistix Elite Series, DDR4-3000, CL15 - 8 GB Kit",5109,3000,2,8
"Crucial Ballistix Elite Series, DDR4-3200, CL16 - 8 GB Kit",0,3200,2,8
Crucial Ballistix Max RGB black,0,4400,2,32
Crucial Ballistix Sport AT,0,3000,2,16
Crucial Ballistix Sport AT,0,2666,2,64
Crucial Ballistix Sport AT,0,3000,2,32
Crucial Ballistix Sport AT,0,2666,2,16
Crucial Ballistix Sport AT,0,3000,2,16
Crucial Ballistix Sport AT,0,3000,2,8
Crucial Ballistix Sport AT,2309,2666,2,8
Crucial Ballistix Sport AT,4479,2666,2,16
Crucial Ballistix Sport AT,4619,2666,2,16
Crucial Ballistix Sport AT,9239,2666,2,32
Crucial Ballistix Sport AT,9239,2666,2,32
Crucial Ballistix Sport AT series,0,3200,2,32
Crucial Ballistix Sport AT series,0,3200,2,8
Crucial Ballistix Sport AT series,5459,3200,2,16
Crucial Ballistix Sport AT series,21279,3200,2,64
Crucial Ballistix Sport LT grey DDR4-2666 CL16,0,2666,2,8
Crucial Ballistix Sport LT Series grey,0,3000,2,16
Crucial Ballistix Sport LT Series grey,0,3000,2,32
Crucial Ballistix Sport LT Series grey,0,3000,2,16
Crucial Ballistix Sport LT series grey,0,3200,2,64
Crucial Ballistix Sport LT series grey,0,3000,2,64
Crucial Ballistix Sport LT series grey,0,3200,2,16
Crucial Ballistix Sport LT Series grey,0,3000,2,32
Crucial Ballistix Sport LT series grey,0,3000,2,32
Crucial Ballistix Sport LT Series grey,0,3000,2,8
Crucial Ballistix Sport LT series grey,0,3200,2,8
Crucial Ballistix Sport LT Series grey,1329,2400,2,4
Crucial Ballistix Sport LT series grey,2659,3000,2,8
Crucial Ballistix Sport LT Series grey,4619,2400,2,16
Crucial Ballistix Sport LT series grey,5179,3000,2,16
Crucial Ballistix Sport LT series grey,5249,3000,2,16
Crucial Ballistix Sport LT series grey,10219,3000,2,32
Crucial Ballistix Sport LT series grey,10989,3200,2,32
Crucial Ballistix Sport LT Series grey DDR4-2400,2449,2400,2,8
Crucial Ballistix Sport LT Series grey DDR4-2400,2589,2400,2,8
Crucial Ballistix Sport LT Series grey DDR4-2400,5389,2400,2,16
"Crucial Ballistix Sport LT Series grey DDR4-2400, CL16 - 16 GB Kit",0,2400,2,16
Crucial Ballistix Sport LT Series grey DDR4-2666,0,2666,2,16
Crucial Ballistix Sport LT Series grey DDR4-2666,0,2666,2,8
Crucial Ballistix Sport LT Series grey DDR4-2666,4899,2666,2,16
Crucial Ballistix Sport LT series red,0,3200,2,64
Crucial Ballistix Sport LT series red,0,3200,2,8
Crucial Ballistix Sport LT series red,0,3200,2,32
Crucial Ballistix Sport LT series red,0,3000,2,16
Crucial Ballistix Sport LT series red,0,3000,2,8
Crucial Ballistix Sport LT Series red,1325,2666,2,4
Crucial Ballistix Sport LT Series red,1399,2400,2,4
Crucial Ballistix Sport LT Series red,2309,2666,2,8
Crucial Ballistix Sport LT Series red,2710,2400,2,8
Crucial Ballistix Sport LT Series red,4479,2400,2,16
Crucial Ballistix Sport LT Series red,4479,2400,2,16
Crucial Ballistix Sport LT Series red,4619,2666,2,16
Crucial Ballistix Sport LT Series red,4829,2400,2,16
Crucial Ballistix Sport LT series red,5179,3000,2,16
Crucial Ballistix Sport LT series red,5249,3200,2,16
Crucial Ballistix Sport LT Series red,5389,2666,2,16
Crucial Ballistix Sport LT series red,10499,3000,2,32
Crucial Ballistix Sport LT series red,10849,3000,2,32
Crucial Ballistix Sport LT series red,20528,3000,2,64
"Crucial Ballistix Sport LT Series red, DDR4-2400, CL16 - 16 GB Kit",4829,2400,2,16
Crucial Ballistix Sport LT series white,0,3200,2,8
Crucial Ballistix Sport LT Series white,1329,2400,2,4
Crucial Ballistix Sport LT series white,2659,3000,2,8
Crucial Ballistix Sport LT Series white,4409,2400,2,16
Crucial Ballistix Sport LT Series white,4549,2666,2,16
Crucial Ballistix Sport LT series white,5249,3000,2,16
Crucial Ballistix Sport LT series white,5389,3000,2,16
Crucial Ballistix Sport LT series white,5459,3200,2,16
Crucial Ballistix Sport LT series white,10499,3000,2,32
Crucial Ballistix Sport LT series white,10849,3000,2,32
Crucial Ballistix Sport LT series white,21629,3000,2,64
Crucial Ballistix Sport LT Series white DDR4-2400,0,2400,2,16
Crucial Ballistix Sport LT Series white DDR4-2400,2729,2400,2,8
Crucial Ballistix Sport LT Series white DDR4-2400,9096,2400,2,32
Crucial Ballistix Sport LT white DDR4-2666 CL16,2729,2666,2,8
"Crucial Ballistix Sport Series DDR4-2400, CL16 - 16 GB Kit",0,2400,2,16
Crucial Ballistix Sport XT DDR3-1600 CL9,0,1600,1,8
Crucial Ballistix Tactical DDR3-1600 CL8,0,1600,1,16
Crucial Ballistix Tactical DDR3-1600 CL8,0,1600,1,8
Crucial Ballistix Tactical LP DDR3-1600 CL8,0,1600,1,16
Crucial Ballistix Tactical LP DDR3-2133 CL10,0,2133,1,8
Crucial Ballistix Tactical Tracer RGB,0,2666,2,64
Crucial Ballistix Tactical Tracer RGB,3639,3200,2,8
Crucial Ballistix Tactical Tracer RGB,12109,2666,2,32
Crucial Ballistix Tactical Tracer RGB,12109,2666,2,32
"Crucial Ballistix Tactical, DDR4-3000, CL15 - 8 GB Kit",3709,3000,2,8
Crucial DDR4-2133 CL15,0,2133,2,8
Crucial DDR4-2133 CL15,0,2133,2,16
Crucial DDR4-2133 CL15,0,2133,2,16
Crucial DDR4-2133 CL15,16799,2133,2,32
Crucial DDR4-2133 CL15   Reg. ECC,0,2133,2,32
Crucial DDR4-2133 CL15   Reg. ECC,0,2133,2,16
Crucial DDR4-2133 CL15   Reg. ECC,0,2133,2,8
Crucial DDR4-2133 CL15   Reg. ECC,0,2133,2,8
Crucial DDR4-2133 CL15   Reg. ECC,15399,2133,2,16
Crucial DDR4-2133 CL15  U,0,2133,2,16
Crucial Value Series DDR4-2133,0,2133,2,64
Crucial Value Series DDR4-2400,1609,2400,2,4
"Crucial Value Series, DDR4-2133, CL15 - 32 GB Kit",0,2133,2,32
G.Skill Aegis,1749,3200,2,8
G.Skill Aegis,6299,3200,2,16
G.Skill Aegis DDR4 DDR4-2133 16GB,0,2133,2,16
G.Skill Aegis DDR4 DDR4-2133 16GB,2449,2133,2,16
G.Skill Aegis DDR4 DDR4-2133 32GB,0,2133,2,32
G.Skill Aegis DDR4 DDR4-2133 64GB,12875,2133,2,64
G.Skill Aegis DDR4 DDR4-2133 8GB,3009,2133,2,8
G.Skill Aegis DDR4 DDR4-2400 16GB,5949,2400,2,16
G.Skill Aegis DDR4 DDR4-2400 16GB,11900,2400,2,16
G.Skill Aegis DDR4 DDR4-2400 32GB,7349,2400,2,32
G.Skill Aegis DDR4 DDR4-2400 8GB,1399,2400,2,8
G.Skill Aegis DDR4 DDR4-2800 16GB,0,2800,2,16
G.Skill Aegis DDR4 DDR4-2800 8GB,2799,2800,2,8
G.Skill AEGIS Series,0,2400,2,64
G.Skill AEGIS Series,0,3000,2,16
G.Skill AEGIS Series,2729,2400,2,8
G.Skill Aegis Series,2939,3200,2,16
G.Skill AEGIS Series,4479,3000,2,32
G.Skill Aegis Series,4479,3200,2,32
G.Skill AEGIS Series,5879,2400,2,16
G.Skill Flare X (for AMD) DDR4-2133 16GB,8283,2133,2,16
G.Skill Flare X (for AMD) DDR4-2133 32GB,0,2133,2,32
G.Skill Flare X (for AMD) DDR4-2133 32GB,8119,2133,2,32
G.Skill Flare X (for AMD) DDR4-2133 32GB,9799,2133,2,32
G.Skill Flare X (for AMD) DDR4-2133 32GB,31570,2133,2,32
G.Skill Flare X (for AMD) DDR4-2400 16GB,3849,2400,2,16
G.Skill Flare X (for AMD) DDR4-2400 16GB,4899,2400,2,16
G.Skill Flare X (for AMD) DDR4-2400 16GB,5109,2400,2,16
G.Skill Flare X (for AMD) DDR4-2400 32GB,0,2400,2,32
G.Skill Flare X (for AMD) DDR4-2400 32GB,11199,2400,2,32
G.Skill Flare X Series,7349,2400,2,32
G.Skill Flare X Series,8749,2400,2,64
G.Skill Flare X Series,8749,2400,2,64
G.Skill Flare X Series,8749,2400,2,32
G.Skill Flare X Series,19949,3200,2,32
G.Skill Flare X Series red,0,2400,2,16
"G.Skill Flare X Series red, DDR4-2400 für Ryzen, CL 15 - 32 GB Quad-Kit",0,2400,2,32
"G.Skill Flare X Series red, DDR4-2400 für Ryzen, CL 15 - 64 GB Quad-Kit",0,2400,2,64
"G.Skill Flare X Series red, DDR4-2400 für Ryzen, CL 16 - 32 GB Dual-Kit",9449,2400,2,32
"G.Skill Flare X Series red, DDR4-2400 für Ryzen, CL 16 - 64 GB Quad-Kit",0,2400,2,64
G.Skill Flare X Series black,0,2400,2,32
G.Skill Flare X Series black,0,2400,2,32
G.Skill FORTIS (for AMD) DDR4-2133 32GB,11549,2133,2,32
G.Skill FORTIS (for AMD) DDR4-2400 16GB,4899,2400,2,16
G.Skill FORTIS (for AMD) DDR4-2400 32GB,0,2400,2,32
G.Skill FORTIS (for AMD) DDR4-2400 32GB,8749,2400,2,32
G.Skill FORTIS (for AMD) DDR4-2400 64GB,18899,2400,2,64
G.Skill Fortis Series,3849,2400,2,16
G.Skill Fortis Series,23099,2400,2,64
"G.Skill Fortis Series black, DDR4-2400 für Ryzen, CL 15 - 32 GB Dual-Kit",10849,2400,2,32
"G.Skill Fortis Series black, DDR4-2400 für Ryzen, CL 16 - 32 GB Quad-Kit",9449,2400,2,32
G.Skill NQ-Red DDR3-1600 CL9,0,1600,1,4
G.Skill Ripjaws 4 blue DDR4-3000 CL15,0,3000,2,16
G.Skill Ripjaws 4 DDR4-2133 16GB,0,2133,2,16
G.Skill Ripjaws 4 DDR4-2133 16GB,8610,2133,2,16
G.Skill Ripjaws 4 DDR4-2133 32GB,11899,2133,2,32
G.Skill Ripjaws 4 DDR4-2133 32GB,12253,2133,2,32
G.Skill Ripjaws 4 DDR4-2133 64GB,0,2133,2,64
G.Skill Ripjaws 4 DDR4-2133 64GB,82737,2133,2,64
G.Skill Ripjaws 4 DDR4-2133 8GB,10333,2133,2,8
G.Skill Ripjaws 4 DDR4-2133 CL15,0,2133,2,16
G.Skill Ripjaws 4 DDR4-2133 CL15,0,2133,2,64
G.Skill Ripjaws 4 DDR4-2133 CL15,0,2133,2,32
G.Skill Ripjaws 4 DDR4-2133 CL15,0,2133,2,64
G.Skill Ripjaws 4 DDR4-2133 CL15,0,2133,2,32
G.Skill Ripjaws 4 DDR4-2133 CL15,0,2133,2,16
G.Skill Ripjaws 4 DDR4-2133 CL15,0,2133,2,8
G.Skill Ripjaws 4 DDR4-2400 128GB,350177,2400,2,128
G.Skill Ripjaws 4 DDR4-2400 16GB,0,2400,2,16
G.Skill Ripjaws 4 DDR4-2400 16GB,0,2400,2,16
G.Skill Ripjaws 4 DDR4-2400 16GB,0,2400,2,16
G.Skill Ripjaws 4 DDR4-2400 16GB,4899,2400,2,16
G.Skill Ripjaws 4 DDR4-2400 16GB,5147,2400,2,16
G.Skill Ripjaws 4 DDR4-2400 32GB,9099,2400,2,32
G.Skill Ripjaws 4 DDR4-2400 32GB,12996,2400,2,32
G.Skill Ripjaws 4 DDR4-2400 32GB,22260,2400,2,32
G.Skill Ripjaws 4 DDR4-2400 64GB,90297,2400,2,64
G.Skill Ripjaws 4 DDR4-2400 8GB,2449,2400,2,8
G.Skill Ripjaws 4 DDR4-2666 16GB,7349,2666,2,16
G.Skill Ripjaws 4 DDR4-2666 16GB,8119,2666,2,16
G.Skill Ripjaws 4 DDR4-2666 16GB,11970,2666,2,16
G.Skill Ripjaws 4 DDR4-2666 32GB,10149,2666,2,32
G.Skill Ripjaws 4 DDR4-2666 32GB,13299,2666,2,32
G.Skill Ripjaws 4 DDR4-2666 32GB,95757,2666,2,32
G.Skill Ripjaws 4 DDR4-2666 64GB,153087,2666,2,64
G.Skill Ripjaws 4 DDR4-2666 8GB,3259,2666,2,8
G.Skill Ripjaws 4 DDR4-2800 128GB,0,2800,2,128
G.Skill Ripjaws 4 DDR4-2800 16GB,4549,2800,2,16
G.Skill Ripjaws 4 DDR4-2800 16GB,8614,2800,2,16
G.Skill Ripjaws 4 DDR4-2800 32GB,0,2800,2,32
G.Skill Ripjaws 4 DDR4-2800 32GB,8216,2800,2,32
G.Skill Ripjaws 4 DDR4-2800 64GB,111297,2800,2,64
G.Skill Ripjaws 4 DDR4-2800 8GB,3779,2800,2,8
G.Skill Ripjaws 4 DDR4-3000 16GB,4689,3000,2,16
G.Skill Ripjaws 4 DDR4-3000 16GB,6999,3000,2,16
G.Skill Ripjaws 4 DDR4-3000 16GB,13643,3000,2,16
G.Skill Ripjaws 4 DDR4-3000 16GB,59637,3000,2,16
G.Skill Ripjaws 4 DDR4-3000 32GB,0,3000,2,32
G.Skill Ripjaws 4 DDR4-3000 32GB,11797,3000,2,32
G.Skill Ripjaws 4 DDR4-3000 32GB,27382,3000,2,32
G.Skill Ripjaws 4 DDR4-3000 8GB,0,3000,2,8
G.Skill Ripjaws 4 DDR4-3000 8GB,0,3000,2,8
G.Skill Ripjaws 4 DDR4-3000 CL15,0,3000,2,16
G.Skill Ripjaws 4 DDR4-3000 CL15,0,3000,2,16
G.Skill Ripjaws 4 DDR4-3000 CL15,16129,3000,2,16
G.Skill Ripjaws 4 DDR4-3200 8GB,0,3200,2,8
G.Skill Ripjaws 4 DDR4-3200 8GB,0,3200,2,8
G.Skill Ripjaws 4 DDR4-3300 16GB,0,3300,2,16
G.Skill Ripjaws 4 DDR4-3300 16GB,39057,3300,2,16
G.Skill Ripjaws 4 DDR4-3333 16GB,0,3333,2,16
G.Skill Ripjaws 4 DDR4-3400 16GB,19910,3400,2,16
"G.Skill RipJaws 4 Series, DDR4-3200, CL16 - 16 GB Kit",0,3200,2,16
G.Skill Ripjaws DDR3-1066 CL7,0,1066,1,8
G.Skill Ripjaws DDR3-1600 CL9,0,1600,1,8
G.Skill RipJaws V,3149,3600,2,16
G.Skill RipJaws V,5459,3600,2,32
G.Skill RipJaws V,10009,3600,2,64
G.Skill Ripjaws V,13649,3600,2,32
G.Skill RipJaws V,26599,3600,2,128
G.Skill Ripjaws V,30099,3200,2,64
G.Skill RipJaws V,30799,3600,2,128
G.Skill Ripjaws V,34299,3600,2,64
G.Skill Ripjaws V,55999,3200,2,128
G.Skill Ripjaws V DDR4-2133 32GB,9800,2133,2,32
G.Skill Ripjaws V DDR4-2133 32GB,16590,2133,2,32
G.Skill Ripjaws V DDR4-2400 16GB,3079,2400,2,16
G.Skill Ripjaws V DDR4-2400 16GB,3079,2400,2,16
G.Skill Ripjaws V DDR4-2400 16GB,3079,2400,2,16
G.Skill Ripjaws V DDR4-2400 16GB,6299,2400,2,16
G.Skill Ripjaws V DDR4-2400 32GB,5109,2400,2,32
G.Skill Ripjaws V DDR4-2400 32GB,11899,2400,2,32
G.Skill Ripjaws V DDR4-2400 8GB,2099,2400,2,8
G.Skill Ripjaws V DDR4-2666 16GB,3289,2666,2,16
G.Skill Ripjaws V DDR4-2666 16GB,6299,2666,2,16
G.Skill Ripjaws V DDR4-2666 16GB,6299,2666,2,16
G.Skill Ripjaws V DDR4-2666 16GB,8216,2666,2,16
G.Skill Ripjaws V DDR4-2666 32GB,0,2666,2,32
G.Skill Ripjaws V DDR4-2666 32GB,5459,2666,2,32
G.Skill Ripjaws V DDR4-2666 64GB,23799,2666,2,64
G.Skill Ripjaws V DDR4-2666 8GB,3639,2666,2,8
G.Skill Ripjaws V DDR4-2800 16GB,0,2800,2,16
G.Skill Ripjaws V DDR4-2800 16GB,0,2800,2,16
G.Skill Ripjaws V DDR4-2800 16GB,4549,2800,2,16
G.Skill Ripjaws V DDR4-2800 16GB,4899,2800,2,16
G.Skill Ripjaws V DDR4-2800 16GB,5389,2800,2,16
G.Skill Ripjaws V DDR4-2800 16GB,6077,2800,2,16
G.Skill Ripjaws V DDR4-2800 16GB,350000,2800,2,16
G.Skill Ripjaws V DDR4-2800 32GB,0,2800,2,32
G.Skill Ripjaws V DDR4-2800 32GB,8399,2800,2,32
G.Skill Ripjaws V DDR4-2800 32GB,10149,2800,2,32
G.Skill Ripjaws V DDR4-2800 32GB,10149,2800,2,32
G.Skill Ripjaws V DDR4-2800 64GB,20999,2800,2,64
G.Skill Ripjaws V DDR4-2800 64GB,20999,2800,2,64
G.Skill Ripjaws V DDR4-2800 8GB,2799,2800,2,8
G.Skill Ripjaws V DDR4-2800 8GB,3009,2800,2,8
G.Skill Ripjaws V DDR4-2800 8GB,5249,2800,2,8
G.Skill Ripjaws V DDR4-3000 128GB,45499,3000,2,128
G.Skill Ripjaws V DDR4-3000 128GB,46199,3000,2,128
G.Skill Ripjaws V DDR4-3000 16GB,0,3000,2,16
G.Skill Ripjaws V DDR4-3000 16GB,0,3000,2,16
G.Skill Ripjaws V DDR4-3000 16GB,4899,3000,2,16
G.Skill Ripjaws V DDR4-3000 16GB,6159,3000,2,16
G.Skill Ripjaws V DDR4-3000 16GB,6509,3000,2,16
G.Skill Ripjaws V DDR4-3000 16GB,6649,3000,2,16
G.Skill Ripjaws V DDR4-3000 16GB,6789,3000,2,16
G.Skill Ripjaws V DDR4-3000 16GB,6999,3000,2,16
G.Skill Ripjaws V DDR4-3000 32GB,11199,3000,2,32
G.Skill Ripjaws V DDR4-3000 32GB,11549,3000,2,32
G.Skill Ripjaws V DDR4-3000 32GB,11899,3000,2,32
G.Skill Ripjaws V DDR4-3000 32GB,11899,3000,2,32
G.Skill Ripjaws V DDR4-3000 32GB,11899,3000,2,32
G.Skill Ripjaws V DDR4-3000 32GB,12599,3000,2,32
G.Skill Ripjaws V DDR4-3000 32GB,13999,3000,2,32
G.Skill Ripjaws V DDR4-3000 64GB,0,3000,2,64
G.Skill Ripjaws V DDR4-3000 64GB,19599,3000,2,64
G.Skill Ripjaws V DDR4-3000 64GB,23099,3000,2,64
G.Skill Ripjaws V DDR4-3000 64GB,27999,3000,2,64
G.Skill Ripjaws V DDR4-3000 64GB,31290,3000,2,64
G.Skill Ripjaws V DDR4-3000 8GB,0,3000,2,8
G.Skill Ripjaws V DDR4-3000 8GB,0,3000,2,8
G.Skill Ripjaws V DDR4-3200 16GB,0,3200,2,16
G.Skill Ripjaws V DDR4-3200 16GB,3009,3200,2,16
G.Skill Ripjaws V DDR4-3200 32GB,12669,3200,2,32
G.Skill Ripjaws V DDR4-3200 32GB,13999,3200,2,32
G.Skill Ripjaws V DDR4-3200 32GB,17499,3200,2,32
G.Skill Ripjaws V DDR4-3200 32GB,19949,3200,2,32
G.Skill Ripjaws V DDR4-3200 32GB,20999,3200,2,32
G.Skill Ripjaws V DDR4-3200 64GB,17639,3200,2,64
G.Skill Ripjaws V DDR4-3200 64GB,27299,3200,2,64
G.Skill Ripjaws V DDR4-3200 64GB,32899,3200,2,64
G.Skill Ripjaws V DDR4-3200 64GB,34999,3200,2,64
G.Skill Ripjaws V DDR4-3200 8GB,2309,3200,2,8
G.Skill Ripjaws V DDR4-3333 16GB,6649,3333,2,16
G.Skill Ripjaws V DDR4-3333 16GB,6649,3333,2,16
G.Skill Ripjaws V DDR4-3333 32GB,11899,3333,2,32
G.Skill Ripjaws V DDR4-3333 32GB,12249,3333,2,32
G.Skill Ripjaws V DDR4-3333 32GB,13299,3333,2,32
G.Skill Ripjaws V DDR4-3333 64GB,12249,3333,2,64
G.Skill Ripjaws V DDR4-3333 64GB,43259,3333,2,64
G.Skill Ripjaws V DDR4-3400 32GB,13299,3400,2,32
G.Skill Ripjaws V DDR4-3400 64GB,29399,3400,2,64
G.Skill Ripjaws V DDR4-3466 16GB,0,3466,2,16
G.Skill Ripjaws V DDR4-3466 32GB,12599,3466,2,32
G.Skill Ripjaws V DDR4-3466 32GB,12949,3466,2,32
G.Skill Ripjaws V DDR4-3466 8GB,80712,3466,2,8
G.Skill Ripjaws V DDR4-3600 16GB,0,3600,2,16
G.Skill Ripjaws V DDR4-3600 32GB,17149,3600,2,32
G.Skill Ripjaws V DDR4-3600 8GB,49140,3600,2,8
G.Skill Ripjaws V DDR4-3733 8GB,0,3733,2,8
G.Skill Ripjaws V DDR4-3866 8GB,0,3866,2,8
G.Skill Ripjaws V DDR4-4000 8GB,41157,4000,2,8
G.Skill RipJaws V Series,4129,2666,2,32
G.Skill RipJaws V Series,5249,3000,2,16
G.Skill RipJaws V Series,5459,3200,2,32
G.Skill RipJaws V Series,8259,2666,2,64
G.Skill RipJaws V Series,20999,3200,2,128
G.Skill RipJaws V Series,44099,2666,2,128
G.Skill RipJaws V Series black,0,3200,2,16
G.Skill RipJaws V Series black,6299,3000,2,16
G.Skill RipJaws-X DDR3-1333 CL9,0,1333,1,8
G.Skill Ripjaws-X DDR3-1600 CL9,0,1600,1,8
G.Skill Ripjaws-X DDR3-2400 CL11,0,2400,1,32
G.Skill Sniper X Series,5529,3200,2,64
G.Skill Sniper X Series,5529,3200,2,32
G.Skill Sniper X Series,9449,3200,2,32
G.Skill Sniper X Series,10499,3200,2,64
G.Skill Sniper X Series,13299,3200,2,32
G.Skill Trident Z,10849,3200,2,32
G.Skill Trident Z DDR4-2800 32GB,14699,2800,2,32
G.Skill Trident Z DDR4-2800 8GB,0,2800,2,8
G.Skill Trident Z DDR4-2800 CL14,0,2800,2,32
G.Skill Trident Z DDR4-2800 CL15,0,2800,2,16
G.Skill Trident Z DDR4-3000 16GB,6649,3000,2,16
G.Skill Trident Z DDR4-3000 16GB,7382,3000,2,16
G.Skill Trident Z DDR4-3000 32GB,13649,3000,2,32
G.Skill Trident Z DDR4-3000 64GB,25199,3000,2,64
G.Skill Trident Z DDR4-3000 8GB,32757,3000,2,8
G.Skill Trident Z DDR4-3000 CL15,0,3000,2,32
G.Skill Trident Z DDR4-3000 CL15,0,3000,2,8
G.Skill Trident Z DDR4-3200 128GB,38499,3200,2,128
G.Skill Trident Z DDR4-3200 128GB,48999,3200,2,128
G.Skill Trident Z DDR4-3200 128GB,48999,3200,2,128
G.Skill Trident Z DDR4-3200 128GB,56662,3200,2,128
G.Skill Trident Z DDR4-3200 128GB,69299,3200,2,128
G.Skill Trident Z DDR4-3200 128GB,83999,3200,2,128
G.Skill Trident Z DDR4-3200 16GB,8321,3200,2,16
G.Skill Trident Z DDR4-3200 32GB,0,3200,2,32
G.Skill Trident Z DDR4-3200 32GB,9099,3200,2,32
G.Skill Trident Z DDR4-3200 32GB,12599,3200,2,32
G.Skill Trident Z DDR4-3200 32GB,12949,3200,2,32
G.Skill Trident Z DDR4-3200 32GB,13999,3200,2,32
G.Skill Trident Z DDR4-3200 32GB,13999,3200,2,32
G.Skill Trident Z DDR4-3200 32GB,15049,3200,2,32
G.Skill Trident Z DDR4-3200 32GB,18899,3200,2,32
G.Skill Trident Z DDR4-3200 32GB,22399,3200,2,32
G.Skill Trident Z DDR4-3200 32GB,23099,3200,2,32
G.Skill Trident Z DDR4-3200 32GB,95829,3200,2,32
G.Skill Trident Z DDR4-3200 64GB,0,3200,2,64
G.Skill Trident Z DDR4-3200 64GB,0,3200,2,64
G.Skill Trident Z DDR4-3200 64GB,19949,3200,2,64
G.Skill Trident Z DDR4-3200 64GB,20999,3200,2,64
G.Skill Trident Z DDR4-3200 64GB,25199,3200,2,64
G.Skill Trident Z DDR4-3200 64GB,25199,3200,2,64
G.Skill Trident Z DDR4-3200 64GB,27999,3200,2,64
G.Skill Trident Z DDR4-3200 64GB,34299,3200,2,64
G.Skill Trident Z DDR4-3200 64GB,43399,3200,2,64
G.Skill Trident Z DDR4-3200 64GB,80712,3200,2,64
G.Skill Trident Z DDR4-3200 64GB,171777,3200,2,64
G.Skill Trident Z DDR4-3200 8GB,24567,3200,2,8
G.Skill Trident Z DDR4-3200 CL16,0,3200,2,32
G.Skill Trident Z DDR4-3200 CL16,0,3200,2,8
G.Skill Trident Z DDR4-3300 128GB,482157,3300,2,128
G.Skill Trident Z DDR4-3300 32GB,13439,3300,2,32
G.Skill Trident Z DDR4-3300 32GB,13999,3300,2,32
G.Skill Trident Z DDR4-3300 32GB,14349,3300,2,32
G.Skill Trident Z DDR4-3300 64GB,0,3300,2,64
G.Skill Trident Z DDR4-3300 64GB,27299,3300,2,64
G.Skill Trident Z DDR4-3300 64GB,32199,3300,2,64
G.Skill Trident Z DDR4-3300 64GB,59572,3300,2,64
G.Skill Trident Z DDR4-3300 64GB,149937,3300,2,64
G.Skill Trident Z DDR4-3300 64GB,172407,3300,2,64
G.Skill Trident Z DDR4-3333 128GB,301977,3333,2,128
G.Skill Trident Z DDR4-3333 16GB,6299,3333,2,16
G.Skill Trident Z DDR4-3333 16GB,6999,3333,2,16
G.Skill Trident Z DDR4-3333 16GB,35487,3333,2,16
G.Skill Trident Z DDR4-3333 16GB,61393,3333,2,16
G.Skill Trident Z DDR4-3333 16GB,66777,3333,2,16
G.Skill Trident Z DDR4-3333 32GB,0,3333,2,32
G.Skill Trident Z DDR4-3333 32GB,10149,3333,2,32
G.Skill Trident Z DDR4-3333 32GB,10849,3333,2,32
G.Skill Trident Z DDR4-3333 32GB,12599,3333,2,32
G.Skill Trident Z DDR4-3333 32GB,27930,3333,2,32
G.Skill Trident Z DDR4-3333 32GB,75810,3333,2,32
G.Skill Trident Z DDR4-3333 32GB,114867,3333,2,32
G.Skill Trident Z DDR4-3333 64GB,21699,3333,2,64
G.Skill Trident Z DDR4-3333 64GB,21699,3333,2,64
G.Skill Trident Z DDR4-3333 64GB,40319,3333,2,64
G.Skill Trident Z DDR4-3400 16GB,6471,3400,2,16
G.Skill Trident Z DDR4-3400 32GB,10499,3400,2,32
G.Skill Trident Z DDR4-3400 32GB,10849,3400,2,32
G.Skill Trident Z DDR4-3400 32GB,12599,3400,2,32
G.Skill Trident Z DDR4-3400 64GB,37142,3400,2,64
G.Skill Trident Z DDR4-3400 CL16,0,3400,2,32
G.Skill Trident Z DDR4-3466 16GB,59427,3466,2,16
G.Skill Trident Z DDR4-3466 32GB,12599,3466,2,32
G.Skill Trident Z DDR4-3466 32GB,12599,3466,2,32
G.Skill Trident Z DDR4-3466 32GB,13299,3466,2,32
G.Skill Trident Z DDR4-3466 64GB,20999,3466,2,64
G.Skill Trident Z DDR4-3466 64GB,20999,3466,2,64
G.Skill Trident Z DDR4-3466 64GB,31499,3466,2,64
G.Skill Trident Z DDR4-3466 64GB,33599,3466,2,64
G.Skill Trident Z DDR4-3466 64GB,34299,3466,2,64
G.Skill Trident Z DDR4-3600 16GB,109200,3600,2,16
G.Skill Trident Z DDR4-3600 32GB,18199,3600,2,32
G.Skill Trident Z DDR4-3600 64GB,29400,3600,2,64
G.Skill Trident Z DDR4-3600 64GB,31499,3600,2,64
G.Skill Trident Z DDR4-3600 64GB,31499,3600,2,64
G.Skill Trident Z DDR4-3600 8GB,0,3600,2,8
G.Skill Trident Z DDR4-3733 16GB,8959,3733,2,16
G.Skill Trident Z DDR4-3733 16GB,9449,3733,2,16
G.Skill Trident Z DDR4-3733 16GB,113820,3733,2,16
G.Skill Trident Z DDR4-3733 8GB,55020,3733,2,8
G.Skill Trident Z DDR4-3866 16GB,9799,3866,2,16
G.Skill Trident Z DDR4-3866 16GB,10499,3866,2,16
G.Skill Trident Z DDR4-3866 16GB,10499,3866,2,16
G.Skill Trident Z DDR4-3866 16GB,560630,3866,2,16
G.Skill Trident Z DDR4-3866 32GB,20140,3866,2,32
G.Skill Trident Z DDR4-3866 32GB,21909,3866,2,32
G.Skill Trident Z DDR4-3866 32GB,21909,3866,2,32
G.Skill Trident Z DDR4-3866 8GB,49347,3866,2,8
G.Skill Trident Z DDR4-4000 16GB,6019,4000,2,16
G.Skill Trident Z DDR4-4000 16GB,6159,4000,2,16
G.Skill Trident Z DDR4-4000 16GB,6159,4000,2,16
G.Skill Trident Z DDR4-4000 16GB,10149,4000,2,16
G.Skill Trident Z DDR4-4000 16GB,10149,4000,2,16
G.Skill Trident Z DDR4-4000 16GB,10849,4000,2,16
G.Skill Trident Z DDR4-4000 32GB,20999,4000,2,32
G.Skill Trident Z DDR4-4000 32GB,20999,4000,2,32
G.Skill Trident Z DDR4-4000 32GB,21699,4000,2,32
G.Skill Trident Z DDR4-4000 8GB,0,4000,2,8
G.Skill Trident Z DDR4-4133 16GB,10849,4133,2,16
G.Skill Trident Z DDR4-4133 16GB,11014,4133,2,16
G.Skill Trident Z DDR4-4133 16GB,11199,4133,2,16
G.Skill Trident Z DDR4-4133 16GB,11199,4133,2,16
G.Skill Trident Z DDR4-4133 8GB,0,4133,2,8
G.Skill Trident Z DDR4-4266 16GB,11014,4266,2,16
G.Skill Trident Z DDR4-4266 16GB,11549,4266,2,16
G.Skill Trident Z DDR4-4266 16GB,11899,4266,2,16
G.Skill Trident Z DDR4-4266 8GB,8216,4266,2,8
G.Skill Trident Z Neo,11759,3600,2,64
G.Skill Trident Z Neo,15399,3600,2,32
G.Skill Trident Z Neo,48999,3600,2,64
G.Skill Trident Z Neo Series,4479,3000,2,16
G.Skill Trident Z Neo Series,13299,3000,2,32
G.Skill Trident Z Neo Series,13999,2666,2,32
G.Skill Trident Z Neo Series,16099,2666,2,32
G.Skill Trident Z Neo Series,16799,3600,2,64
G.Skill Trident Z Neo Series,16799,3200,2,32
G.Skill Trident Z Neo Series,16799,2666,2,16
G.Skill Trident Z Neo Series,16799,3000,2,32
G.Skill Trident Z Neo Series,24499,3200,2,32
G.Skill Trident Z Neo Series,25199,3000,2,64
G.Skill Trident Z Neo Series,27649,2666,2,64
G.Skill Trident Z Neo Series,29399,3200,2,64
G.Skill Trident Z Neo Series,30099,3600,2,64
G.Skill Trident Z Neo Series,40599,3600,2,64
G.Skill Trident Z Neo Series,41999,3200,2,64
G.Skill Trident Z RGB,0,3866,2,32
G.Skill Trident Z RGB,11199,3600,2,64
G.Skill Trident Z RGB,15399,3600,2,32
G.Skill Trident Z RGB,16799,3200,2,64
G.Skill Trident Z RGB,22749,3600,2,128
G.Skill Trident Z RGB,33949,3600,2,64
G.Skill Trident Z RGB,60899,3200,2,128
G.Skill Trident Z RGB DDR4-2400 16GB,7699,2400,2,16
G.Skill Trident Z RGB DDR4-2400 32GB,15469,2400,2,32
G.Skill Trident Z RGB DDR4-2400 64GB,27299,2400,2,64
G.Skill Trident Z RGB DDR4-3000 16GB,7699,3000,2,16
G.Skill Trident Z RGB DDR4-3000 16GB,8049,3000,2,16
G.Skill Trident Z RGB DDR4-3000 32GB,15399,3000,2,32
G.Skill Trident Z RGB DDR4-3000 32GB,16449,3000,2,32
G.Skill Trident Z RGB DDR4-3200 32GB,8399,3200,2,32
G.Skill Trident Z RGB DDR4-3466 32GB,17149,3466,2,32
G.Skill Trident Z RGB DDR4-3600 32GB,20999,3600,2,32
G.Skill Trident Z RGB DDR4-3600 32GB,23449,3600,2,32
G.Skill Trident Z RGB DDR4-3866 16GB,11899,3866,2,16
G.Skill Trident Z RGB DDR4-4000 16GB,11549,4000,2,16
G.Skill Trident Z RGB DDR4-4266 16GB,13299,4266,2,16
G.Skill Trident Z RGB Series,0,3000,2,32
G.Skill Trident Z RGB Series,0,2400,2,32
G.Skill Trident Z RGB Series,3989,3000,2,16
G.Skill Trident Z RGB Series,12599,4133,2,16
G.Skill Trident Z RGB Series,13999,3000,2,32
G.Skill Trident Z RGB Series,15456,3600,2,32
G.Skill Trident Z RGB Series,24499,3866,2,32
G.Skill Trident Z RGB Series,24779,3200,2,32
G.Skill Trident Z RGB Series,27999,3000,2,64
G.Skill Trident Z RGB Series,32899,3600,2,64
G.Skill Trident Z RGB Series für AMD Ryzen,0,2933,2,32
G.Skill Trident Z RGB Series für AMD Ryzen,0,2933,2,32
G.Skill Trident Z RGB Series für AMD Ryzen,0,2933,2,16
G.Skill Trident Z RGB Series für AMD Ryzen,0,2933,2,64
G.Skill Trident Z RGB Series für AMD Ryzen,7699,2400,2,16
G.Skill Trident Z RGB Series für AMD Ryzen,8399,2933,2,16
G.Skill Trident Z RGB Series für AMD Ryzen,10149,2400,2,32
G.Skill Trident Z RGB Series für AMD Ryzen,15469,2400,2,32
G.Skill Trident Z RGB Series für AMD Ryzen,25199,3200,2,32
G.Skill Trident Z RGB Series für AMD Ryzen,26809,2400,2,64
G.Skill Trident Z Royal,9099,4000,2,32
G.Skill Trident Z Royal,16799,3600,2,32
G.Skill Trident Z Royal,16799,3600,2,32
G.Skill Trident Z Royal,19249,3200,2,64
G.Skill Trident Z Royal,19249,3200,2,64
G.Skill Trident Z Royal,50399,3600,2,64
G.Skill Trident Z Royal,51099,3600,2,64
G.Skill Trident Z Royal,58099,3200,2,128
G.Skill Trident Z Royal,62999,3200,2,128
G.Skill Trident Z Royal Series gold,9099,3000,2,16
G.Skill Trident Z Royal Series gold,13999,4600,2,16
G.Skill Trident Z Royal Series gold,15399,4266,2,16
G.Skill Trident Z Royal Series silver,9659,3000,2,16
G.Skill Trident Z Royal Series silver,15049,4266,2,16
G.Skill Trident Z Royal Series silver,20299,4600,2,16
G.Skill Trident Z Series silver/red,0,3200,2,16
G.Skill Trident Z Series silver/red,6579,3000,2,16
G.Skill Trident Z Series silver/red,11549,3000,2,32
G.Skill Trident Z5 RGB,0,8000,3,32
G.Skill Trident Z5 RGB,0,8000,3,32
G.Skill Trident Z5 RGB,20299,6000,3,64
G.Skill Trident Z5 RGB,20299,6000,3,64
G.Skill Trident Z5 RGB,20649,6000,3,64
G.Skill Trident Z5 RGB,20649,6000,3,64
G.Skill Trident Z5 RGB,21699,6400,3,64
G.Skill Trident Z5 RGB,21699,6400,3,64
G.Skill Trident Z5 RGB,22049,7800,3,32
G.Skill Trident Z5 RGB,22049,7800,3,32
G.Skill TridentX DDR3-2400 CL10,0,2400,1,8
G.Skill TridentX DDR3-2400 CL10,0,2400,1,16
G.Skill Value DDR3-1333 CL9,0,1333,1,2
G.Skill Value DDR3-1333 CL9,0,1333,1,8
G.Skill Value DDR4-2133 4GB,0,2133,2,4
G.Skill Value DDR4-2400 16GB,4689,2400,2,16
G.Skill Value DDR4-2400 32GB,10766,2400,2,32
G.Skill Value Series,2519,2133,2,16
G.Skill Value Series,2519,2400,2,4
G.Skill Value Series,2519,2133,2,8
G.Skill Value Series,2519,2133,2,8
G.Skill Value Series,3009,2666,2,8
G.Skill Value Series,3079,2400,2,8
G.Skill Value Series,5599,2400,2,16
G.Skill Value Series,5739,2400,2,16
Gigabyte Aorus RGB Memory,0,4400,2,16
Gigabyte Aorus RGB Memory,0,3333,2,16
Gigabyte Aorus RGB Memory,7279,3733,2,16
Gigabyte Memory,9099,2666,2,16
Gigabyte Memory,13512,3600,2,16
HyperX Fury blue DDR3-1333 CL9,0,1333,1,8
HyperX Fury blue DDR3-1333 CL9,1609,1333,1,4
HyperX Fury blue DDR3-1333 CL9,3219,1333,1,8
HyperX Fury blue DDR3-1333 CL9,5389,1333,1,16
HyperX Fury red DDR3-1333 CL9,3040,1333,1,4
HyperX Fury red DDR3-1333 CL9,3289,1333,1,8
HyperX Fury red DDR3-1333 CL9,5389,1333,1,16
HyperX Fury red DDR3-1600 CL10,1679,1600,1,4
HyperX Fury black DDR3-1333 CL9,2263,1333,1,4
HyperX Fury black DDR3-1333 CL9,3080,1333,1,8
HyperX Fury black DDR3-1333 CL9,3499,1333,1,8
HyperX Fury black DDR3-1333 CL9,5389,1333,1,16
HyperX Fury black DDR4-2400 CL15,7489,2400,2,16
"HyperX Fury Series, DDR4-2133, CL14 - 16 GB Kit",8737,2133,2,16
"HyperX Fury Series, DDR4-2133, CL14 - 8 GB Kit",22645,2133,2,8
"HyperX Fury Series, DDR4-2666, CL15 - 8 GB Kit",3333,2666,2,8
HyperX Fury white DDR3-1333 CL9,1679,1333,1,4
HyperX Fury white DDR3-1333 CL9,2729,1333,1,8
HyperX Fury white DDR3-1333 CL9,3287,1333,1,8
HyperX Fury white DDR3-1333 CL9,5547,1333,1,16
HyperX Predator DDR3-2133 CL11,0,2133,1,32
HyperX Predator DDR3-2133 CL11,0,2133,1,8
HyperX Predator DDR3-2133 CL11,11013,2133,1,16
HyperX Predator DDR3-2400 CL11,0,2400,1,32
HyperX Predator DDR3-2400 CL11,0,2400,1,16
HyperX Predator DDR3-2400 CL11,0,2400,1,8
HyperX Predator DDR4-3000 CL15,4689,3000,2,8
HyperX Predator DDR4-3000 CL15,6579,3000,2,16
HyperX Predator DDR4-3000 CL15,9379,3000,2,16
HyperX Predator DDR4-3200 CL16,4759,3200,2,8
HyperX Predator DDR4-3200 CL16,9519,3200,2,16
HyperX Predator DDR4-3200 CL16,11339,3200,2,32
HyperX Savage red DDR3-1600 CL9,0,1600,1,8
HyperX Savage red DDR3-1600 CL9,0,1600,1,4
HyperX Savage red DDR3-1600 CL9,0,1600,1,16
HyperX Savage red DDR3-1600 CL9,0,1600,1,8
HyperX Savage red DDR3-2133 CL11,0,2133,1,32
HyperX Savage red DDR3-2133 CL11,0,2133,1,16
HyperX Savage red DDR3-2133 CL11,0,2133,1,8
HyperX Savage red DDR3-2133 CL11,21917,2133,1,8
HyperX Savage red DDR3-2400 CL11,0,2400,1,32
HyperX Savage red DDR3-2400 CL11,0,2400,1,16
HyperX Savage red DDR3-2400 CL11,0,2400,1,8
HyperX Savage red DDR3-2400 CL11,0,2400,1,4
HyperX Savage red DDR3-2400 CL11,0,2400,1,8
HyperX Savage black DDR4-2133 CL13,0,2133,2,32
HyperX Savage black DDR4-2133 CL13,0,2133,2,8
HyperX Savage black DDR4-2133 CL13,0,2133,2,16
HyperX Savage black DDR4-2133 CL13,0,2133,2,16
HyperX Savage black DDR4-2400 CL12 XMP,0,2400,2,16
INNO3D iChill Memory,0,4000,2,16
Intenso Desktop Pro DDR3-1600 CL11,0,1600,1,16
Intenso Desktop Pro DDR3-1600 CL11,0,1600,1,4
Intenso Desktop Pro DDR4-2133 CL15,0,2133,2,16
Intenso Desktop Pro DDR4-2133 CL15,0,2133,2,8
"Kingston Branded DDR3-1333 CL9, 1,5 V Systemspeicher",0,1333,1,8
"Kingston Branded DDR3-1333 CL9, 1,5 V Systemspeicher   Single Rank",2627,1333,1,4
"Kingston Branded DDR3-1333 CL9, 1,5 V Systemspeicher ECC",0,1333,1,8
"Kingston Branded DDR3-1600 CL11, 1,5 V Systemspeicher   Single Rank",1889,1600,1,4
"Kingston Branded DDR3-1600 CL11, 1,5 V Systemspeicher ECC",0,1600,1,4
"Kingston Branded DDR3-1600 CL11, 1,5 V Systemspeicher ECC",0,1600,1,8
"Kingston Branded DDR3-1600 CL11, 1,5 V Systemspeicher reg. ECC",0,1600,1,4
"Kingston Branded DDR3-1600 CL11, 1,5 V Systemspeicher reg. ECC",0,1600,1,8
"Kingston Branded DDR3-1600 CL11, 1,5 V Systemspeicher reg. ECC",0,1600,1,16
"Kingston Branded DDR4-2133 CL15, 1,2 V Systemspeicher",0,2133,2,8
"Kingston Branded DDR4-2133 CL15, 1,2 V Systemspeicher",0,2133,2,4
Kingston DDR3-1333  CL9 ECC,0,1333,1,16
Kingston DDR3-1333  ECC  - Lenovo branded,0,1333,1,8
Kingston DDR3-1333  ECC LV  - IBM branded,0,1333,1,16
Kingston DDR3-1333  ECC Registriert - Lenovo branded,0,1333,1,16
Kingston DDR3-1333 ECC  für ProLiant - HP branded,0,1333,1,8
Kingston DDR3-1333 reg ECC  - Dell branded,0,1333,1,8
Kingston DDR3-1333 Value CL9,2869,1333,1,8
Kingston DDR3-1333 Value CL9,5803,1333,1,16
Kingston DDR3-1600  ECC  - Fujitsu branded,0,1600,1,8
Kingston DDR3-1600  ECC  - HP branded,0,1600,1,8
Kingston DDR3-1600 ECC  - Dell branded,0,1600,1,8
Kingston DDR3-1600 reg ECC  für ProLiant - HP branded,0,1600,1,32
Kingston DDR4-2133 CL15 reg ECC  - Lenovo branded,0,2133,2,8
"Kingston DDR4-2133 ECC  - Dell branded PowerEdge R230, R330, T130, T330",0,2133,2,8
Kingston DDR4-2133 reg ECC  - Dell branded,0,2133,2,16
Kingston DDR4-2133 reg ECC  - Dell branded,1393,2133,2,8
Kingston DDR4-2133 reg ECC  - Dell branded,15761,2133,2,32
Kingston DDR4-2400 CL17 reg ECC   - HP branded,5739,2400,2,32
Kingston DDR4-2400 reg ECC  - Dell branded,12970,2400,2,32
Kingston Fury Beast,0,3600,2,16
Kingston Fury Beast,13545,3600,2,64
Kingston Fury Beast RGB,14270,3600,2,64
Kingston Fury Beast RGB,20368,3600,2,32
Kingston Fury Renegade,0,3600,2,32
Kingston Fury Renegade,0,3600,2,16
Kingston HyperX Predator,20999,3000,2,64
Kingston Server DIMM,0,2666,2,16
"Kingston Server DIMM, ECC REG, DDR4-2133, CL15 - 32 GB Kit",0,2133,2,32
Kingston Value  DDR3-1333  CL9,1679,1333,1,4
Kingston Value  DDR3-1333 CL9  Memory,601,1333,1,2
Kingston Value  DDR4-2133  CL15 reg. ECC,0,2133,2,4
Kingston Value  DDR4-2133  CL15 reg. ECC,0,2133,2,8
Kingston Value  DDR4-2133  CL15 reg. ECC,7465,2133,2,16
"Kingston Value  DDR4-2133 CL15 ECC, registriert",0,2133,2,8
Kingston Value  DDR4-2400  CL17,0,2400,2,4
Kingston Value DDR4-2133  CL15,0,2133,2,8
Samsung DDR4-2666,12389,2666,2,32
Samsung RDIMM,0,3200,2,16
Samsung RDIMM,0,3200,2,128
Samsung RDIMM,0,3200,2,32
Samsung RDIMM,12809,3200,2,64
Samsung Server DIMM,0,2666,2,32
"Team Group Dark Pro ""8Pack Edition""",0,3866,2,16
"Team Group Dark Pro ""8Pack Edition""",0,3200,2,16
"Team Group Dark Pro Series grey, DDR4-3000, CL15 - 8 GB Kit",0,3000,2,8
Team Group Dark Series black,0,3000,2,16
"Team Group Dark Series black, DDR4-2800, CL16 - 32 GB Kit",0,2800,2,32
Team Group Delta Series rote LED,0,2400,2,32
Team Group Delta Series rote LED,0,3000,2,32
Team Group Elite Plus Series black,0,2133,2,16
Team Group Elite Plus Series black,0,2400,2,32
Team Group Elite Plus Series black,0,2133,2,8
Team Group Elite Plus Series black,0,2400,2,16
Team Group Elite Plus Series black,0,2400,2,8
"Team Group Elite Plus Series black, DDR4-2400, CL16 - 16 GB Kit",0,2400,2,16
Team Group Elite Series black,0,2400,2,16
"Team Group T-Force Dark grey, DDR4-3000, CL16 - 8 GB Kit",0,3000,2,8
Team Group T-Force Dark ROG grey,0,3000,2,16
"Team Group T-Force Dark ROG red, DDR4-3000, CL 16 - 16 GB Dual-Kit",0,3000,2,16
"Team Group T-Force Dark red, DDR4-3000, CL16 - 8 GB Kit",0,3000,2,8
Team Group T-Force Nighthawk,0,2666,2,16
Team Group T-Force Nighthawk,0,3200,2,16
"Team Group T-Force Nighthawk, blaue LED, DDR4-3000, CL16 - 32 GB Kit",0,3000,2,32
"Team Group T-Force Nighthawk, rote LED, DDR4-3000, CL16 - 32 GB Kit",0,3000,2,32
"Team Group T-Force Nighthawk, weiße LED, DDR4-3000, CL16 - 32 GB Kit",0,3000,2,32
Team Group T-Force Vulcan Series grey,0,2400,2,16
Team Group T-Force Vulcan Series red,0,3000,2,16
Team Group T-Force Vulcan Series red,0,2400,2,16
Team Group T-Force Xtreem ARGB,0,4000,2,32
Team Group T-Force Xtreem ARGB,0,3600,2,32
Team Group T-Force Xtreem ARGB,0,4000,2,32
Team Group T-Force Xtreem ARGB,0,3600,2,16
Team Group T-Force Xtreem ARGB,0,3200,2,32
Team Group T-Force Xtreem ARGB,0,3600,2,16
Team Group T-Force Xtreem ARGB,0,3600,2,32
Team Group T-Force Xtreem ARGB,0,3200,2,16
Team Group T-Force Xtreem ARGB,0,4000,2,16
Team Group T-Force Xtreem ARGB,0,3600,2,64
Team Group T-Force Xtreem ARGB,0,4000,2,16
Team Group T-Force Xtreem ARGB,0,3600,2,64
Team Group T-Force Xtreem ARGB,0,3200,2,16
Team Group T-Force Xtreem ARGB,0,3600,2,32
Team Group T-Force Xtreem ARGB,0,3200,2,32
Team Group T-Force Xtreem ARGB,0,3600,2,16
Team Group T-Force Xtreem ARGB,0,3200,2,32
Team Group T-Force Xtreem ARGB,0,3200,2,64
Team Group T-Force Xtreem ARGB,4199,3200,2,16
Team Group T-Force Xtreem ARGB,20649,3200,2,64
"Team Group T-Force Xtreem gold, DDR4-3866, CL18 - 8 GB Kit",0,3866,2,8
"Team Group Xtreem ""8Pack Edition""",0,4133,2,16
"Team Group Xtreem ""8Pack Edition""",0,4500,2,16
"Team Group Xtreem ""8Pack Edition""",0,3600,2,32
"Team Group Xtreem ""8Pack Edition""",0,4000,2,32
"Team Group Xtreem ""8Pack Edition""",0,4000,2,16
"Team Group Xtreem ""8Pack Edition""",0,3200,2,32
"Team Group Xtreem silver, DDR4-3866, CL18 - 8 GB Kit",0,3866,2,8
Thermaltake Toughram RGB DDR4-3000 CL16 - 16 GB Dual-Kit,6299,3000,2,16
Thermaltake Toughram RGB DDR4-4000 CL19- 16 GB Dual-Kit,11565,4000,2,16
Thermaltake Toughram RGB DDR4-4400 CL19- 16 GB Dual-Kit,13833,4400,2,16
