name;price;v_ram_size;frequency
Sapphire Pulse Radeon RX 6600 Gaming;17499;8;2044
Aorus RTX 3070 Master;44099;8;1845
ASUS GeForce RTX 3050 Dual;0;8;1852
ASUS GeForce RTX 3050 Phoenix;0;8;1807
ASUS GeForce RTX 3050 ROG Strix;0;8;1890
ASUS GeForce RTX 3060 Dual LHR;0;12;1807
ASUS GeForce RTX 3060 Dual OC;0;12;1867
ASUS GeForce RTX 3060 Phoenix V2 12G LHR;32381;12;1807
ASUS GeForce RTX 3060 ROG Strix;0;12;1807
ASUS GeForce RTX 3060 ROG Strix LHR;0;12;1912
ASUS GeForce RTX 3060 ROG Strix OC;0;12;1912
ASUS GeForce RTX 3060 Ti Dual Mini V2 O8G LHR;0;8;1680
ASUS GeForce RTX 3060 Ti Dual V2 O8G LHR;0;8;1740
ASUS GeForce RTX 3060 Ti ROG Strix V2 O8G LHR;0;8;0
ASUS GeForce RTX 3060 Ti TUF V2 8G LHR;0;8;1695
ASUS GeForce RTX 3060 Ti TUF V2 O8G LHR;0;8;1755
ASUS GeForce RTX 3060 TUF;0;12;1807
ASUS GeForce RTX 3060 TUF LHR;32381;12;1882
ASUS GeForce RTX 3060 TUF OC;0;12;1882
ASUS GeForce RTX 3070 Dual V2 O8G LHR;0;8;0
ASUS GeForce RTX 3070 Noctua Edition;0;8;1815
ASUS GeForce RTX 3070 ROG Strix 8G White LHR;0;8;0
ASUS GeForce RTX 3070 ROG Strix O8G White LHR;0;8;0
ASUS GeForce RTX 3070 ROG Strix V2 O8G LHR;0;8;0
ASUS GeForce RTX 3070 Ti ROG Strix;0;8;1800
ASUS GeForce RTX 3070 Ti ROG Strix OC;0;8;1875
ASUS GeForce RTX 3070 Ti TUF O8G LHR;0;8;1815
ASUS GeForce RTX 3070 TUF V2 O8G LHR;0;8;0
ASUS GeForce RTX 3080 Noctua;0;10;1815
ASUS GeForce RTX 3080 ROG Strix 1;0;10;0
ASUS GeForce RTX 3080 ROG Strix O1;0;10;0
ASUS GeForce RTX 3080 ROG Strix V2 10G LHR;0;10;0
ASUS GeForce RTX 3080 ROG Strix V2 O10G LHR;0;10;0
ASUS GeForce RTX 3080 Ti ROG Strix O12G;0;12;1845
ASUS GeForce RTX 3080 Ti TUF;0;12;1695
ASUS GeForce RTX 3080 Ti TUF O12G;0;12;1785
ASUS GeForce RTX 3080 TUF Gaming 1;0;10;0
ASUS GeForce RTX 3080 TUF Gaming O1;0;10;0
ASUS GeForce RTX 3080 TUF V2 10G LHR;0;10;0
ASUS GeForce RTX 3080 TUF V2 O10G LHR;0;10;0
ASUS GeForce RTX 3090 ROG Strix 2;0;24;0
ASUS GeForce RTX 3090 ROG Strix O2;0;24;0
ASUS GeForce RTX 3090 Ti ROG Strix LC;0;24;1950
ASUS GeForce RTX 3090 Ti TUF;0;24;0
ASUS GeForce RTX 3090 TUF Gaming 2;0;24;0
ASUS GeForce RTX 3090 TUF Gaming O2;0;24;0
ASUS Radeon RX 6500 XT Dual;0;4;2815
ASUS Radeon RX 6500 XT TUF;0;4;2815
ASUS Radeon RX 6600 Dual;0;8;0
ASUS Radeon RX 6600 XT Dual OC;0;8;0
ASUS Radeon RX 6600 XT ROG Strix OC;44068;8;0
ASUS Radeon RX 6650 XT Dual;0;8;0
ASUS Radeon RX 6700 XT Dual;0;12;2581
ASUS Radeon RX 6700 XT Dual (rev2);0;12;2622
ASUS Radeon RX 6700 XT ROG Strix O12G;0;12;2622
ASUS Radeon RX 6700 XT TUF O12G;62999;12;2622
ASUS Radeon RX 6750 XT Dual;0;12;0
ASUS Radeon RX 6750 XT ROG Strix;0;12;0
ASUS Radeon RX 6800;0;16;2105
ASUS Radeon RX 6800 ROG Strix;0;16;2190
ASUS Radeon RX 6800 TUF;0;16;2190
ASUS Radeon RX 6800 XT TUF;0;16;2340
ASUS Radeon RX 6900 XT ROG Strix LC;0;16;2365
ASUS Radeon RX 6900 XT ROG Strix Top Edition;0;16;2525
ASUS Radeon RX 6900 XT TUF Gaming Top;0;16;2390
ASUS Radeon RX 6900 XT TUF OC;0;16;2310
ASUS RTX 3070 Dual OC;0;8;0
ASUS RTX 3070 TUF;0;8;0
EVGA GeForce RTX 3060 Ti FTW3 Black Gaming;0;8;1710
EVGA GeForce RTX 3060 Ti FTW3 Gaming;0;8;1710
EVGA GeForce RTX 3060 Ti FTW3 Ultra Gaming;34999;8;1800
EVGA GeForce RTX 3060 Ti FTW3 Ultra Gaming LHR;37799;8;1800
EVGA GeForce RTX 3060 Ti XC Black Gaming;0;8;1665
EVGA GeForce RTX 3060 Ti XC Gaming;32199;8;1710
EVGA GeForce RTX 3060 XC Gaming;27999;12;1882
EVGA GeForce RTX 3070 FTW3 Ultra Gaming LHR;41999;8;0
EVGA GeForce RTX 3070 Ti FTW3 Ultra Gaming LHR;47599;8;1860
EVGA GeForce RTX 3070 Ti XC3 Ultra Gaming LHR;46899;8;1815
EVGA GeForce RTX 3080 FTW3 Gaming;60199;10;1710
EVGA GeForce RTX 3080 FTW3 Ultra Gaming;62999;10;1800
EVGA GeForce RTX 3080 FTW3 Ultra Gaming LHR;54599;10;1800
EVGA GeForce RTX 3080 FTW3 Ultra Hybrid Gaming;0;10;1800
EVGA GeForce RTX 3080 Ti FTW3 Gaming;0;12;1775
EVGA GeForce RTX 3080 Ti FTW3 Ultra Gaming;99399;12;1800
EVGA GeForce RTX 3080 Ti FTW3 Ultra Hybrid Gaming LHR;0;12;1800
EVGA GeForce RTX 3080 Ti XC3 Ultra Gaming;80499;12;1725
EVGA GeForce RTX 3080 Ti XC3 Ultra Hybrid Gaming LHR;0;12;1725
EVGA GeForce RTX 3080 XC3 Black Gaming;55999;10;1710
EVGA GeForce RTX 3080 XC3 Black Gaming LHR;0;10;1710
EVGA GeForce RTX 3080 XC3 Gaming;57399;10;1710
EVGA GeForce RTX 3080 XC3 Ultra Gaming;53899;10;0
EVGA GeForce RTX 3080 XC3 Ultra Gaming LHR;0;10;1755
EVGA GeForce RTX 3080 XC3 Ultra Hybrid Gaming;0;10;1755
EVGA GeForce RTX 3090 FTW3 Ultra Gaming;87499;24;1800
EVGA GeForce RTX 3090 FTW3 Ultra Hybrid Gaming;0;24;1800
EVGA GeForce RTX 3090 K|NGP|N Hybrid Gaming;0;24;1920
EVGA GeForce RTX 3090 Ti FTW3;97999;24;1890
EVGA GeForce RTX 3090 Ti FTW3 Black;139999;24;1860
EVGA GeForce RTX 3090 Ti FTW3 Ultra;139999;24;1920
EVGA GeForce RTX 3090 XC3 Black Gaming;0;24;1695
EVGA GeForce RTX 3090 XC3 Gaming;0;24;1695
EVGA GeForce RTX 3090 XC3 Ultra Gaming;86099;24;1740
EVGA GeForce RTX 3090 XC3 Ultra Hybrid Gaming;0;24;1725
EVGA RTX 3070 FTW3;0;8;1770
EVGA RTX 3070 FTW3 Ultra;47599;8;1815
EVGA RTX 3070 XC3;0;8;1725
EVGA RTX 3070 XC3 Black Gaming;41999;8;1725
EVGA RTX 3070 XC3 Ultra Gaming;44799;8;1770
Gigabyte Aorus GeForce RTX 3050 Elite;0;8;1860
Gigabyte Aorus GeForce RTX 3060 Elite 12G LHR;30799;12;1867
Gigabyte Aorus GeForce RTX 3060 Ti Elite 8G LHR;0;8;1750
Gigabyte Aorus GeForce RTX 3060 Ti Master;0;8;0
Gigabyte Aorus GeForce RTX 3070 Master 8G LHR;43399;8;0
Gigabyte Aorus GeForce RTX 3080 Master 10G LHR;0;10;1845
Gigabyte Aorus GeForce RTX 3080 Ti Master 12G LHR;90999;12;1770
Gigabyte Aorus Radeon RX 6700 XT Elite;35769;12;2622
Gigabyte Aorus Radeon RX 6750 XT Elite;0;12;0
Gigabyte Aorus Radeon RX 6800 Master;78749;16;2190
Gigabyte Aorus Radeon RX 6800 XT Master;93309;16;2310
Gigabyte GeForce RTX 3050 Eagle;20299;8;1777
Gigabyte GeForce RTX 3050 Eagle OC;20999;8;1792
Gigabyte GeForce RTX 3050 Gaming OC;20999;8;1822
Gigabyte GeForce RTX 3060 Eagle;0;12;1777
Gigabyte GeForce RTX 3060 Eagle 12G LHR;0;12;1777
Gigabyte GeForce RTX 3060 Eagle OC;32199;12;1807
Gigabyte GeForce RTX 3060 Eagle OC 12G LHR;0;12;1807
Gigabyte GeForce RTX 3060 Elite;34019;12;1867
Gigabyte GeForce RTX 3060 Gaming OC;30799;12;1837
Gigabyte GeForce RTX 3060 Gaming OC 12G LHR;27299;12;1837
Gigabyte GeForce RTX 3060 Ti Eagle;0;8;1665
Gigabyte GeForce RTX 3060 Ti Eagle 8G LHR;0;8;1665
Gigabyte GeForce RTX 3060 Ti Eagle OC;40599;8;0
Gigabyte GeForce RTX 3060 Ti Eagle OC 8G LHR;34999;8;1695
Gigabyte GeForce RTX 3060 Ti Gaming OC;41999;8;0
Gigabyte GeForce RTX 3060 Ti Gaming OC 8G LHR;31499;8;1740
Gigabyte GeForce RTX 3060 Ti Gaming OC Pro;0;8;0
Gigabyte GeForce RTX 3060 Ti Gaming OC Pro 8G LHR;31499;8;1770
Gigabyte GeForce RTX 3060 Ti Vision OC 8G LHR;0;8;1755
Gigabyte GeForce RTX 3060 Vision OC;37799;12;1837
Gigabyte GeForce RTX 3060 Vision OC 12G LHR;28699;12;1837
Gigabyte GeForce RTX 3070 Eagle 8G LHR;0;8;0
Gigabyte GeForce RTX 3070 Eagle OC 8G LHR;0;8;1770
Gigabyte GeForce RTX 3070 Gaming OC 8G LHR;0;8;0
Gigabyte GeForce RTX 3070 Ti Eagle OC;55999;8;1800
Gigabyte GeForce RTX 3070 Ti Gaming OC;44799;8;1830
Gigabyte GeForce RTX 3070 Ti Master;51099;8;1875
Gigabyte GeForce RTX 3070 Ti Vision OC;47249;8;1830
Gigabyte GeForce RTX 3070 Vision OC 8G LHR;0;8;0
Gigabyte GeForce RTX 3080 Eagle 10G LHR;0;10;1710
Gigabyte GeForce RTX 3080 Eagle OC;0;10;0
Gigabyte GeForce RTX 3080 Eagle OC 1;73499;10;1755
Gigabyte GeForce RTX 3080 Gaming OC 1;68039;10;1800
Gigabyte GeForce RTX 3080 Gaming OC 10G LHR;0;10;1800
Gigabyte GeForce RTX 3080 Gaming OC Waterforce WB 10G LHR;0;10;1800
Gigabyte GeForce RTX 3080 Ti Eagle OC 12G LHR;74199;12;1680
Gigabyte GeForce RTX 3080 Ti Gaming OC;65099;12;1710
Gigabyte GeForce RTX 3080 Ti Vision OC;56069;12;1710
Gigabyte GeForce RTX 3080 Vision OC 10G LHR;0;10;1800
Gigabyte GeForce RTX 3090 Gaming OC;83999;24;1755
Gigabyte GeForce RTX 3090 Ti Gaming;104930;24;1860
Gigabyte GeForce RTX 3090 Ti Gaming OC;104999;24;1905
Gigabyte Radeon RX 6500 XT Eagle;12599;4;2815
Gigabyte Radeon RX 6500 XT Gaming OC;12599;4;2825
Gigabyte Radeon RX 6600 Eagle;16799;8;2491
Gigabyte Radeon RX 6600 XT Eagle;33249;8;0
Gigabyte Radeon RX 6600 XT Gaming OC;38499;8;0
Gigabyte Radeon RX 6600 XT Gaming Pro OC;38569;8;0
Gigabyte Radeon RX 6650 XT Eagle;26599;8;2635
Gigabyte Radeon RX 6650 XT Gaming OC;0;8;2593
Gigabyte Radeon RX 6700 XT;0;12;2581
Gigabyte Radeon RX 6700 XT Eagle;25899;12;2581
Gigabyte Radeon RX 6700 XT Eagle OC;60899;12;2581
Gigabyte Radeon RX 6700 XT Gaming OC;59618;12;2622
Gigabyte Radeon RX 6750 XT Gaming OC;0;12;0
Gigabyte Radeon RX 6800 Gaming OC;31499;16;2155
Gigabyte Radeon RX 6800 XT Gaming OC;39899;16;2285
Gigabyte Radeon RX 6900 XT;0;16;2250
Gigabyte Radeon RX 6900 XT Gaming OC;87499;16;2285
Gigabyte Radeon RX 6900 XT Master;0;16;2335
Gigabyte Radeon RX 6950 XT GAMING OC;0;16;0
Gigabyte RTX 3070 Eagle;34999;8;1725
Gigabyte RTX 3070 Eagle OC;39899;8;1770
Gigabyte RTX 3070 Gaming OC;47249;8;1815
Gigabyte RTX 3070 Vision OC;47389;8;1815
INNO3D GeForce RTX 3050 Gaming OC X2;0;8;1830
INNO3D GeForce RTX 3050 Twin X2;0;8;1777
INNO3D GeForce RTX 3050 Twin X2 OC;0;8;1822
INNO3D GeForce RTX 3060 iChill X3;0;12;1837
INNO3D GeForce RTX 3060 iChill X3 Red LHR;0;12;1725
INNO3D GeForce RTX 3060 Ti iChill X3 Red LHR;0;8;1725
INNO3D GeForce RTX 3060 Ti Twin X2 LHR;0;8;1665
INNO3D GeForce RTX 3060 Ti Twin X2 OC LHR;0;8;1680
INNO3D GeForce RTX 3060 Twin X2 OC;0;12;1792
INNO3D GeForce RTX 3060 Twin X2 OC LHR;0;12;1792
INNO3D GeForce RTX 3070 iChill X3 LHR;0;8;1785
INNO3D GeForce RTX 3070 iChill X4 LHR;0;8;1785
INNO3D GeForce RTX 3070 Ti iChill X3;0;8;1830
INNO3D GeForce RTX 3070 Ti iChill X3 OC;0;8;1785
INNO3D GeForce RTX 3070 Ti iChill X4;0;8;1830
INNO3D GeForce RTX 3070 Twin X2 OC LHR;0;8;1740
INNO3D GeForce RTX 3080 iChill Frostbite LHR;0;10;1770
INNO3D GeForce RTX 3080 iChill X3 LHR;0;10;1725
INNO3D GeForce RTX 3080 iChill X4 LHR;0;10;1725
INNO3D GeForce RTX 3080 Ti iChill Black LHR;0;12;1710
INNO3D GeForce RTX 3080 Ti iChill X3 LHR;0;12;1710
INNO3D GeForce RTX 3080 Ti X3 LHR;0;0;1665
INNO3D GeForce RTX 3080 Ti X3 OC LHR;0;12;1680
INNO3D GeForce RTX 3080 Twin X2 OC LHR;0;10;1725
INNO3D GeForce RTX 3080 X3 LHR;0;10;0
INNO3D GeForce RTX 3080 X3 OC LHR;0;10;1725
INNO3D GeForce RTX 3090 Gaming X3;0;24;1695
INNO3D GeForce RTX 3090 iChill Frostbite;0;24;1755
INNO3D GeForce RTX 3090 iChill X3;0;24;1755
INNO3D GeForce RTX 3090 iChill X4;0;24;1755
INNO3D GeForce RTX 3090 Ti X3 OC;0;24;1890
INNO3D GeForce RTX 3090 X3;0;24;1695
INNO3D RTX 3070 iChill X3;0;8;1785
INNO3D RTX 3070 iChill X4;0;8;1785
MSI GeForce RTX 3050 Aero ITX;0;8;0
MSI GeForce RTX 3050 Aero ITX 8G OC;20649;8;1845
MSI GeForce RTX 3050 Gaming X;23099;8;0
MSI GeForce RTX 3050 Ventus 2X;0;8;0
MSI GeForce RTX 3050 Ventus 2X 8G OC;21699;8;0
MSI GeForce RTX 3060 Gaming X;26599;12;1837
MSI GeForce RTX 3060 Gaming X Trio;0;12;1875
MSI GeForce RTX 3060 Gaming Z Trio 12G LHR;0;12;1867
MSI GeForce RTX 3060 Ti Gaming X 8G LHR;34930;8;1770
MSI GeForce RTX 3060 Ti Gaming X Trio;0;8;1830
MSI GeForce RTX 3060 Ti Gaming Z Trio 8G LHR;46549;8;1845
MSI GeForce RTX 3060 Ti Ventus 2X 8G OCV1 LHR;32899;8;1695
MSI GeForce RTX 3060 Ti Ventus 2X OC;0;8;1695
MSI GeForce RTX 3060 Ti Ventus 3X 8G OC LHR;27032;8;1695
MSI GeForce RTX 3060 Ti Ventus 3X OC;0;8;1695
MSI GeForce RTX 3060 Ventus 2X;25549;12;1807
MSI GeForce RTX 3060 Ventus 3X OC;26249;12;1807
MSI GeForce RTX 3070 Gaming Trio Plus 8G LHR;0;8;1770
MSI GeForce RTX 3070 Gaming Z Trio 8G LHR;39899;8;0
MSI GeForce RTX 3070 Suprim X 8G LHR;0;8;1905
MSI GeForce RTX 3070 Ti Gaming X Trio;47599;8;1830
MSI GeForce RTX 3070 Ti Suprim X;54433;8;1875
MSI GeForce RTX 3070 Ti Ventus 3X 8G LHR;0;8;1800
MSI GeForce RTX 3070 Ti Ventus 3X 8G OC LHR;45499;8;1800
MSI GeForce RTX 3070 Ventus 2X 8G OC LHR;0;8;0
MSI GeForce RTX 3070 Ventus 3X 8G OC LHR;0;8;0
MSI GeForce RTX 3070 Ventus 3X Plus 8G OC LHR;41299;8;0
MSI GeForce RTX 3080 Gaming X Trio 1;0;10;1815
MSI GeForce RTX 3080 Gaming Z Trio 10G LHR;55299;10;1830
MSI GeForce RTX 3080 Suprim X 10G LHR;0;10;1905
MSI GeForce RTX 3080 Ti Gaming X Trio;72799;12;1770
MSI GeForce RTX 3080 Ti Suprim X;0;12;1845
MSI GeForce RTX 3080 Ti Ventus 3X 12G LHR;0;12;1665
MSI GeForce RTX 3080 Ti Ventus 3X 12G OC;51799;12;1695
MSI GeForce RTX 3080 Ventus 3X 10G OC;0;10;1740
MSI GeForce RTX 3080 Ventus 3X PLUS 10G LHR;0;10;0
MSI GeForce RTX 3080 Ventus 3X Plus 10G OC LHR;53899;10;1740
MSI GeForce RTX 3090 Gaming X Trio 2;0;24;0
MSI GeForce RTX 3090 Suprim;0;24;1860
MSI GeForce RTX 3090 Suprim X;0;24;1860
MSI GeForce RTX 3090 Ti Black Trio;0;24;1860
MSI GeForce RTX 3090 Ti Gaming X Trio;100099;24;0
MSI GeForce RTX 3090 Ti Suprim X;102199;24;1950
MSI GeForce RTX 3090 Ventus 3X 24G OC;0;24;0
MSI Radeon RX 6500 XT Mech 2X OC;11549;4;2825
MSI Radeon RX 6600 Mech 2X;18899;8;2491
MSI Radeon RX 6600 XT Gaming X;0;8;0
MSI Radeon RX 6600 XT Mech 2X;23449;8;0
MSI Radeon RX 6650 XT Gaming X;26599;8;2694
MSI Radeon RX 6650 XT Mech 2X 8G OC;19599;8;2635
MSI Radeon RX 6700 XT Gaming X;33599;12;0
MSI Radeon RX 6700 XT Mech 2X;25899;12;2581
MSI Radeon RX 6700 XT Mech 2X OC;34299;12;2620
MSI Radeon RX 6750 XT Gaming X Trio;39199;12;2618
MSI Radeon RX 6750 XT Mech 2X 12G OC;29049;12;2618
MSI Radeon RX 6800;0;16;2105
MSI Radeon RX 6800 Gaming X Trio;0;16;2155
MSI Radeon RX 6800 XT;0;16;2250
MSI Radeon RX 6800 XT Gaming Trio;0;16;2250
MSI Radeon RX 6800 XT Gaming Z Trio;45499;16;2310
MSI Radeon RX 6900 XT Gaming X Trio;0;16;2340
MSI Radeon RX 6900 XT Gaming Z Trio;0;16;2425
MSI Radeon RX 6950 XT Gaming X Trio;55999;16;2454
Palit GeForce RTX 3090 GamingPro OC;0;24;1725
PNY GeForce RTX 3060 XLR8 Gaming Revel EPIC-X RGB;27082;12;1777
PNY GeForce RTX 3060 XLR8 Gaming Revel EPIC-X RGB Single Fan;25899;12;1777
PNY GeForce RTX 3080 XLR8 Gaming EPIC-X RGB;55999;10;1710
PNY GeForce RTX 3090 XLR8 Gaming EPIC-X RGB;122499;24;0
PNY RTX 3070 Dual;41999;8;1725
PNY RTX 3070 XL8R Gaming Revel Epic-X RGB;47599;8;1725
Sapphire GearBox 500 Grafikkartengeh√§use - Thunderbolt 3 inkl. Pulse RX 6600 XT;0;8;2593
Sapphire Nitro+ Radeon RX 6600 XT;0;8;0
Sapphire Nitro+ Radeon RX 6650 XT Gaming OC;0;8;2694
Sapphire Nitro+ Radeon RX 6700 XT OC;30799;12;2622
Sapphire Nitro+ Radeon RX 6750 XT Gaming OC;0;12;2623
Sapphire Nitro+ Radeon RX 6800 OC;0;16;2190
Sapphire Nitro+ Radeon RX 6800 XT OC SE;0;16;2360
Sapphire Nitro+ Radeon RX 6900 XT OC;0;16;2250
Sapphire Nitro+ Radeon RX 6900 XT Special Edition;0;16;2365
Sapphire Nitro+ Radeon RX 6950 XT Gaming OC;0;16;2324
Sapphire Nitro+ Radeon RX 6950 XT Pure Gaming OC;0;16;2368
Sapphire Pulse Radeon RX 6500 XT Gaming OC;11899;4;2825
Sapphire Pulse Radeon RX 6600 XT;0;8;0
Sapphire Pulse Radeon RX 6650 XT Gaming OC;0;8;2635
Sapphire Pulse Radeon RX 6700;0;10;2495
Sapphire Pulse Radeon RX 6700 XT;0;12;2581
Sapphire Pulse Radeon RX 6700 XT OC;0;12;2615
Sapphire Pulse Radeon RX 6750 XT Gaming OC;0;12;2618
Sapphire Pulse Radeon RX 6800 OC;0;16;2170
Sapphire Pulse Radeon RX 6800 XT Gaming OC;0;16;2310
Sapphire Radeon RX 6800;0;16;2105
Sapphire Toxic Radeon RX 6900 XT Air Cooled;0;16;2425
Sapphire Toxic Radeon RX 6950 XT LE Gaming OC;0;16;2532
ZOTAC GAMING GeForce RTX 3050 AMP!;0;8;1830
ZOTAC GAMING GeForce RTX 3050 Twin Edge;0;8;1777
ZOTAC GAMING GeForce RTX 3050 Twin Edge OC;0;8;1807
ZOTAC GAMING GeForce RTX 3060 AMP! White Edition;0;12;1837
ZOTAC GAMING GeForce RTX 3060 Ti AMP! White Edition LHR;0;8;1755
ZOTAC GAMING GeForce RTX 3060 Ti Twin Edge;30799;8;1665
ZOTAC GAMING GeForce RTX 3060 Ti Twin Edge LHR;0;8;1665
ZOTAC GAMING GeForce RTX 3060 Ti Twin Edge OC;44099;8;1695
ZOTAC GAMING GeForce RTX 3060 Ti Twin Edge OC LHR;29329;8;1695
ZOTAC GAMING GeForce RTX 3060 Twin Edge;0;12;1777
ZOTAC GAMING GeForce RTX 3060 Twin Edge OC;24499;12;1807
ZOTAC GAMING GeForce RTX 3070 AMP! Holo LHR;0;8;0
ZOTAC GAMING GeForce RTX 3070 Ti AMP! Extreme Holo LHR;51099;8;1890
ZOTAC GAMING GeForce RTX 3070 Ti Trinity LHR;0;8;1770
ZOTAC GAMING GeForce RTX 3070 Ti Trinity OC LHR;0;8;1800
ZOTAC GAMING GeForce RTX 3070 Twin Edge LHR;0;8;0
ZOTAC GAMING GeForce RTX 3070 Twin Edge OC LHR;0;8;0
ZOTAC GAMING GeForce RTX 3070 Twin Edge OC LHR White Edition;0;8;0
ZOTAC GAMING GeForce RTX 3080 Ti AMP! Extreme Holo;62999;12;1785
ZOTAC GAMING GeForce RTX 3080 Ti AMP! Holo;0;12;1710
ZOTAC GAMING GeForce RTX 3080 Trinity;62999;10;1710
ZOTAC GAMING GeForce RTX 3080 Trinity AMP! Holo LHR;0;10;1770
ZOTAC GAMING GeForce RTX 3080 Trinity LHR;0;10;1710
ZOTAC GAMING GeForce RTX 3080 Trinity OC LHR;0;10;1725
ZOTAC GAMING GeForce RTX 3090 AMP! Extreme Holo;115545;24;1815
ZOTAC GAMING GeForce RTX 3090 ArcticStorm;87499;24;1695
ZOTAC GAMING GeForce RTX 3090 Ti AMP! Extreme Holo;86799;24;1890
ZOTAC GAMING GeForce RTX 3090 Trinity OC;0;24;1710
ZOTAC GAMING RTX 3070 Ti AMP! Holo;0;8;1830
Zotac Gaming RTX 3070 Twin Edge;0;8;1725
Zotac Gaming RTX 3070 Twin Edge OC;51099;8;1755
ZOTAC GeForce RTX 3080 Ti Trinity;0;12;1665
ZOTAC GeForce RTX 3080 Ti Trinity OC;115350;12;1695
ASRock Arc A380 Challenger ITX;8399;6;2250
ASRock Arc A750 Challenger D OC;16099;8;2250
ASRock Radeon VII;43259;16;1750
Asus AREZ PH RX 550 2G;8399;2;1071
Asus CERBERUS GTX 1050 O2G;10639;2;1544
Asus CERBERUS GTX 1050TI O4G;13762;4;1480
Asus DUAL GTX 1050 O2G;15257;2;1518
Asus DUAL GTX 1060 O3G;16659;3;1809
Asus DUAL GTX 1060 O6G;21065;6;1809
Asus DUAL RX 580 O4G;14699;4;1380
Asus DUAL RX 580 O8G;18923;8;1380
ASUS GeForce GT 1030;9586;2;0
ASUS GeForce GT 1030 2G;5599;2;0
ASUS GeForce GT 1030 Phoenix;0;2;0
ASUS GeForce GT 730;0;2;0
ASUS GeForce GTX 1050 2G;0;2;1455
ASUS GeForce GTX 1050 Expedition;0;2;1455
ASUS GeForce GTX 1050 Expedition O2G;0;2;1455
ASUS GeForce GTX 1050 STRIX 2G Gaming;0;2;1455
ASUS GeForce GTX 1050 STRIX O2G Gaming;0;2;1556
ASUS GeForce GTX 1050 Ti Cerberus;0;4;1455
ASUS GeForce GTX 1050 Ti DC2 O4G;0;4;1353
ASUS GeForce GTX 1050 Ti Expedition;0;4;1392
ASUS GeForce GTX 1050 Ti Expedition O4G;0;4;1455
ASUS GeForce GTX 1050 Ti PH;12599;4;1392
ASUS GeForce GTX 1050 Ti STRIX 4G Gaming;0;4;1392
ASUS GeForce GTX 1050 Ti STRIX O4G Gaming;19580;4;1493
ASUS GeForce GTX 1060 Dual 3G;0;3;1708
ASUS GeForce GTX 1060 Dual O3G;13540;3;1785
ASUS GeForce GTX 1060 Dual O6G;0;6;1785
ASUS GeForce GTX 1060 Expedition O6G;0;6;1785
ASUS GeForce GTX 1060 O6G 9 Gbps;0;6;1809
ASUS GeForce GTX 1060 STRIX O6G Gaming;0;6;1847
ASUS GeForce GTX 1060 Turbo 6G;0;6;1706
ASUS GeForce GTX 1070 Dual 8G;0;8;1721
ASUS GeForce GTX 1070 Dual O8G;28699;8;1771
ASUS GeForce GTX 1070 Expedition O8G;0;8;0
ASUS GeForce GTX 1070 STRIX 8G Gaming;0;8;1683
ASUS GeForce GTX 1070 STRIX O8G Gaming;26179;8;1835
ASUS GeForce GTX 1070 Ti Cerberus A8G;34999;8;1683
ASUS GeForce GTX 1070 Ti STRIX 8G Gaming;0;8;1683
ASUS GeForce GTX 1070 Ti STRIX A8G Gaming;0;8;1683
ASUS GeForce GTX 1070 Ti Turbo 8G;0;8;1683
ASUS GeForce GTX 1070 Turbo 8G;0;8;1683
ASUS GeForce GTX 1080 STRIX 8G Gaming;41992;8;1733
ASUS GeForce GTX 1080 STRIX A8G;0;8;1809
ASUS GeForce GTX 1080 STRIX O8G 11 Gbps;0;8;1835
ASUS GeForce GTX 1080 STRIX O8G Gaming;0;8;1898
ASUS GeForce GTX 1080 Ti Founders Edition;0;11;1582
ASUS GeForce GTX 1080 Ti STRIX 11G Gaming;0;11;1582
ASUS GeForce GTX 1080 Ti STRIX O11G Gaming;58099;11;1683
ASUS GeForce GTX 1080 Ti Turbo 11G;0;11;1582
ASUS GeForce GTX 1080 Turbo 8G;31499;8;1733
ASUS GeForce GTX 1650;0;4;1710
ASUS GeForce GTX 1650 Dual O4G, 4096 MB GDDR5;14826;4;1755
ASUS GeForce GTX 1650 Phoenix;0;4;0
ASUS GeForce GTX 1650 Phoenix O4G, 4096 MB GDDR5;14540;4;1710
ASUS GeForce GTX 1650 ROG STRIX A4G, 4096 MB GDDR5;0;4;1710
ASUS GeForce GTX 1650 ROG STRIX O4G, 4096 MB GDDR5;0;4;1860
ASUS GeForce GTX 1650 Super;11549;4;1770
ASUS GeForce GTX 1650 Super Advanced ROG Strix A;0;4;1740
ASUS GeForce GTX 1650 Super Phoenix;0;4;1725
ASUS GeForce GTX 1650 Super ROG Strix;0;4;1785
ASUS GeForce GTX 1650 Super TUF;0;4;1725
ASUS GeForce GTX 1650 Super TUF O4G Gaming;0;4;1770
ASUS GeForce GTX 1650 TUF;26563;4;1755
ASUS GeForce GTX 1650 TUF 4GD;0;4;1590
ASUS GeForce GTX 1650 TUF O4GD;0;4;1650
ASUS GeForce GTX 1660 Dual 6G Evo;0;6;1845
ASUS GeForce GTX 1660 Dual O6G Evo;0;6;1845
ASUS GeForce GTX 1660 Phoenix;0;6;0
ASUS GeForce GTX 1660 Super Dual O6G Evo;17768;6;0
ASUS GeForce GTX 1660 Super Mini;0;6;1860
ASUS GeForce GTX 1660 Super Phoenix;17768;6;0
ASUS GeForce GTX 1660 Super ROG Strix;0;6;1875
ASUS GeForce GTX 1660 Super ROG Strix A;0;6;1875
ASUS GeForce GTX 1660 Super TUF;16309;6;0
ASUS GeForce GTX 1660 Super TUF O6G Gaming;18899;6;1815
ASUS GeForce GTX 1660 Ti Dual O6G;20649;6;1800
ASUS GeForce GTX 1660 Ti Phoenix O6G;0;6;1785
ASUS GeForce GTX 1660 Ti ROG STRIX O6G;0;6;1860
ASUS GeForce GTX 1660 Ti TUF 6G Evo;0;6;1800
ASUS GeForce GTX 1660 Ti TUF O6G Evo;0;6;1845
ASUS GeForce GTX 1660 TUF;0;6;0
ASUS GeForce GTX 1660 TUF X3;0;6;1860
ASUS GeForce GTX 1660 TUF X3 A;0;6;1800
Asus GeForce GTX 660 Ti;0;2;1046
ASUS GeForce GTX 750 Ti STRIX OC;0;2;1202
ASUS GeForce RTX 2060 Dual 6G EVO;0;6;1680
ASUS GeForce RTX 2060 Dual A6G;0;6;1710
ASUS GeForce RTX 2060 Dual A6G EVO;0;6;1695
ASUS GeForce RTX 2060 Dual Mini;23099;6;1755
ASUS GeForce RTX 2060 Dual O6G EVO;23099;6;1755
ASUS GeForce RTX 2060 Phoenix 6G;0;6;1680
ASUS GeForce RTX 2060 ROG STRIX 6G;0;6;1680
ASUS GeForce RTX 2060 ROG Strix 6G Evo;0;6;7000
ASUS GeForce RTX 2060 ROG STRIX A6G;0;6;1710
ASUS GeForce RTX 2060 ROG Strix A6G Evo;0;6;7000
ASUS GeForce RTX 2060 ROG STRIX O6G;26599;6;1860
ASUS GeForce RTX 2060 ROG Strix O6G Evo;0;6;7000
ASUS GeForce RTX 2060 Super 8G Evo V;0;8;1650
ASUS GeForce RTX 2060 Super Dual 8G EVO;0;8;1650
ASUS GeForce RTX 2060 Super Dual A8G EVO;0;8;1665
ASUS GeForce RTX 2060 Super Dual A8G EVO V;0;8;1665
ASUS GeForce RTX 2060 Super Dual O8G EVO;0;8;1695
ASUS GeForce RTX 2060 Super Dual O8G EVO V;0;8;1695
ASUS GeForce RTX 2060 Super ROG Strix 8G EVO;0;8;1650
ASUS GeForce RTX 2060 Super ROG Strix 8G Gaming;0;8;1650
ASUS GeForce RTX 2060 Super ROG Strix A8G EVO;0;8;1680
ASUS GeForce RTX 2060 Super ROG Strix A8G Gaming;0;8;1680
ASUS GeForce RTX 2060 Super ROG Strix O8G EVO;0;8;1830
ASUS GeForce RTX 2060 Super ROG Strix O8G Gaming;40319;8;1830
ASUS GeForce RTX 2060 Super Turbo 8G EVO;0;8;1650
ASUS GeForce RTX 2060 TUF;0;6;1710
ASUS GeForce RTX 2060 Turbo 6G;0;6;1680
ASUS GeForce RTX 2070 Dual 8G EVO;0;8;1620
ASUS GeForce RTX 2070 Dual 8G Evo V;0;8;1650
ASUS GeForce RTX 2070 Dual A8G;0;8;1635
ASUS GeForce RTX 2070 Dual A8G EVO;0;8;1635
ASUS GeForce RTX 2070 Dual O8G;0;8;1620
ASUS GeForce RTX 2070 Dual O8G Evo V;0;8;1710
ASUS GeForce RTX 2070 Mini Dual;0;8;1680
ASUS GeForce RTX 2070 ROG STRIX A8G;0;8;1620
ASUS GeForce RTX 2070 ROG STRIX O8G;35279;8;1845
ASUS GeForce RTX 2070 Super Dual 8G Evo;0;8;1770
ASUS GeForce RTX 2070 Super Dual A8G Evo;0;8;1785
ASUS GeForce RTX 2070 Super Dual O8G Evo;31569;8;1815
ASUS GeForce RTX 2070 Super ROG Strix 8G Gaming;0;8;1770
ASUS GeForce RTX 2070 Super ROG Strix A8G Gaming;0;8;1800
ASUS GeForce RTX 2070 Super ROG Strix O8G Gaming;0;8;1905
ASUS GeForce RTX 2070 Super Turbo 8G EVO;0;8;1770
ASUS GeForce RTX 2070 Turbo 8G;0;8;1815
ASUS GeForce RTX 2080 Dual O8G;0;8;0
ASUS GeForce RTX 2080 ROG STRIX O8G Gaming;0;8;0
ASUS GeForce RTX 2080 Super Dual 8G Evo;0;8;1815
ASUS GeForce RTX 2080 Super Dual 8G Evo V;0;8;1845
ASUS GeForce RTX 2080 Super Dual O8G Evo;0;8;1830
ASUS GeForce RTX 2080 Super Dual O8G Evo V;0;8;1845
ASUS GeForce RTX 2080 Super ROG Strix 8G Gaming;0;8;1815
ASUS GeForce RTX 2080 Super ROG Strix A8G Gaming;0;8;1830
ASUS GeForce RTX 2080 Super ROG Strix O8G Gaming;0;8;1860
ASUS GeForce RTX 2080 Super ROG Strix O8G White Edition;0;8;1860
ASUS GeForce RTX 2080 Super Turbo 8G Evo;0;8;1815
ASUS GeForce RTX 2080 Ti Dual 1;0;11;1545
ASUS GeForce RTX 2080 Ti Dual A1;0;11;1575
ASUS GeForce RTX 2080 Ti Dual O1;0;11;1635
ASUS GeForce RTX 2080 Ti ROG Strix 1;0;11;1545
ASUS GeForce RTX 2080 Ti ROG Strix A1;0;11;1575
ASUS GeForce RTX 2080 Ti ROG Strix O1;0;11;1665
ASUS GeForce RTX 2080 Ti ROG Strix O11G White Edition;0;11;1740
ASUS GeForce RTX 2080 Ti Turbo 1;0;11;1545
ASUS GeForce RTX 3060 Ti Dual Mini V2 8G LHR;0;8;1665
ASUS GeForce RTX 3060 Ti TUF;0;8;1785
ASUS GeForce RTX 3080 ROG Strix;0;12;0
ASUS GeForce RTX 3080 TUF;0;12;0
ASUS GeForce RTX 4080 ROG Strix;0;16;0
ASUS GeForce RTX 4080 TUF;0;16;2595
Asus GT1030 2G CSM;5599;2;1506
ASUS GTX 650 Ti Boost DirectCU II OC;0;2;1084
ASUS GTX 760 DirectCU II OC;0;2;1071
Asus PH GT1030 O2G;6649;2;1531
Asus PH GTX 1050 2G;10430;2;1455
Asus PH GTX 1050TI 4G;11899;4;1392
Asus PH GTX 1060 3G;14699;3;1708
Asus PH GTX 1060 6G;19949;6;1708
Asus PH RX 550 4G M7;9799;4;1071
Asus R7250 1GD5 V2;6299;1;925
Asus R9 270 DirectCU II;0;2;925
Asus R9 270X DirectCU II;0;2;1050
ASUS Radeon RX 460 Dual O2G;0;2;1244
ASUS Radeon RX 460 STRIX O4G Gaming;0;4;1256
ASUS Radeon RX 480 Dual O4G;0;4;0
ASUS Radeon RX 550 4G;0;4;0
ASUS Radeon RX 5500 XT Dual O8G Evo;0;8;1865
ASUS Radeon RX 5500 XT ROG Strix;0;8;1865
ASUS Radeon RX 560 2G;0;2;1176
ASUS Radeon RX 560 4G EVO;0;4;0
ASUS Radeon RX 560 O2G;0;2;1210
ASUS Radeon RX 560 O4G EVO;0;4;0
ASUS Radeon RX 560 STRIX 4G Gaming;0;4;0
ASUS Radeon RX 560 STRIX O4G Gaming;0;4;0
ASUS Radeon RX 5600 XT ROG Strix;0;6;1640
ASUS Radeon RX 5600 XT TUF O6G Evo;0;6;1640
ASUS Radeon RX 570 Expedition 4G;19286;4;1244
ASUS Radeon RX 570 Expedition O4G;0;4;1256
ASUS Radeon RX 570 STRIX 4G Gaming;0;4;1244
ASUS Radeon RX 570 STRIX O4G Gaming;54960;4;1300
ASUS Radeon RX 5700;27299;8;1725
ASUS Radeon RX 5700 Dual O8G Evo;0;8;1750
ASUS Radeon RX 5700 ROG Strix;22609;8;1750
ASUS Radeon RX 5700 TUF;0;8;1750
ASUS Radeon RX 5700 XT;27299;8;1905
ASUS Radeon RX 5700 XT Dual OC Evo;0;8;1980
ASUS Radeon RX 5700 XT ROG Strix;0;8;2035
ASUS Radeon RX 5700 XT TUF;29399;8;1980
ASUS Radeon RX 580 Dual O4G;0;4;1360
ASUS Radeon RX 580 Dual O8G;0;8;1360
ASUS Radeon RX 580 STRIX 8G Gaming;0;8;0
ASUS Radeon RX 580 STRIX O8G Gaming;12669;8;1380
ASUS Radeon RX 580 STRIX T8G Gaming;0;8;1431
ASUS Radeon RX 590 ROG STRIX 8G Gaming;0;8;1565
ASUS Radeon RX 6400 Dual;0;4;2321
ASUS Radeon RX 6400 Phoenix;0;4;2321
ASUS Radeon RX 7900 XT TUF;0;20;0
ASUS Radeon RX 7900 XTX TUF;0;24;0
ASUS Radeon RX Vega 56 STRIX O8G Gaming;0;8;1573
ASUS Radeon VII;0;16;1750
ASUS ROG Matrix GTX 780 Ti Platinum;0;3;1072
Asus ROG POSEIDON GTX 1080TI P11G GAMING;76999;11;1733
Asus ROG STRIX GTX 1050TI 4G GAMING;15189;4;1430
Asus ROG STRIX GTX 1050TI O4G GAMING;14699;4;1506
Asus ROG STRIX GTX 1060 6G GAMING;13999;6;1746
Asus ROG STRIX GTX 1060 O6G GAMING;22609;6;1873
Asus ROG STRIX GTX 1070 8G GAMING;33256;8;1721
Asus ROG STRIX GTX 1070TI 8G GAMING;52430;8;1721
Asus ROG STRIX GTX 1080 8G GAMING;36749;8;1771
Asus ROG STRIX GTX 1080 A8G 11GBPS;40599;8;1822
Asus ROG STRIX GTX 1080 A8G GAMING;40949;8;1835
Asus ROG STRIX GTX 1080TI 11G GAMING;55433;11;1632
Asus ROG STRIX GTX 1080TI O11G GAMING;49419;11;1708
Asus ROG STRIX RX 560 O4G EVO GAMING;11199;4;1197
Asus ROG STRIX RX 580 8G GAMING;24499;8;1360
Asus RX 550 2G;7909;2;1183
Asus RX 560 4G;9799;4;1176
Asus RX 560 O2G;8435;2;1187
Asus RX 560 O4G;10149;4;1210
Asus Strix Geforce GTX 960;0;2;1317
Asus Strix Geforce GTX 980;36904;4;1304
Asus Strix R9 380X;0;4;990
Asus Strix R9 390X;0;8;1070
Asus Strix RX 470;0;4;1270
ASUS TUF Gaming GeForce GTX 1660 Ti Evo Top Edition;0;6;1815
Asus TURBO GTX 1060 6G;24809;6;1708
Asus TURBO GTX 1070 8G;28977;8;1683
Asus TURBO GTX 1070TI 8G;34299;8;1721
Asus TURBO GTX 1080 8G;38595;8;1733
Asus TURBO GTX 1080TI 11G;54247;11;1582
Club 3D GeForce GTS 450;0;1;700
Club 3D R9 280 royalKing;0;3;1100
Club 3D R9 285 royalQueen;0;2;945
EVGA GeForce GT 1030 SC;7434;2;1544
EVGA GeForce GTX 1050 FTW Gaming ACX 3.0;12179;2;1556
EVGA GeForce GTX 1050 Gaming;0;2;1455
EVGA GeForce GTX 1050 SC Gaming;9660;2;1531
EVGA GeForce GTX 1050 SSC Gaming ACX 3.0;11783;2;1544
EVGA GeForce GTX 1050 Ti FTW Gaming;13299;4;1493
EVGA GeForce GTX 1050 Ti Gaming ACX 2.0;12599;4;1392
EVGA GeForce GTX 1050 Ti SC Gaming ACX 2.0;14175;4;1468
EVGA GeForce GTX 1050 Ti SSC Gaming ACX 3.0;15780;4;1480
EVGA GeForce GTX 1060;11199;6;1706
EVGA GeForce GTX 1060 FTW Gaming;21699;6;1847
EVGA GeForce GTX 1060 FTW+ Gaming ACX 3.0;19599;3;1860
EVGA GeForce GTX 1060 FTW+ Gaming ACX 3.0;23099;6;1860
EVGA GeForce GTX 1060 FTW2+ Gaming;0;6;1860
EVGA GeForce GTX 1060 Gaming;18628;3;1706
EVGA GeForce GTX 1060 Gaming;21699;6;1708
EVGA GeForce GTX 1060 Gaming ACX 2.0;13995;3;1708
EVGA GeForce GTX 1060 Gaming ACX 3.0;25199;6;1708
EVGA GeForce GTX 1060 SC Gaming;11199;6;1835
EVGA GeForce GTX 1060 SC Gaming;13299;3;1835
EVGA GeForce GTX 1060 SSC DT Gaming ACX 3.0;18899;6;1733
EVGA GeForce GTX 1060 SSC Gaming ACX 3.0;18199;3;1835
EVGA GeForce GTX 1060 SSC Gaming ACX 3.0;24499;6;1835
EVGA GeForce GTX 1070 Founders Edition;0;8;1683
EVGA GeForce GTX 1070 FTW Gaming ACX 3.0;37096;8;1797
EVGA GeForce GTX 1070 FTW Hybrid Gaming;30099;8;1797
EVGA GeForce GTX 1070 FTW2 Gaming iCX;30799;8;1797
EVGA GeForce GTX 1070 Gaming ACX 3.0;30099;8;1683
EVGA GeForce GTX 1070 Hybrid Gaming;35279;8;1784
EVGA GeForce GTX 1070 SC 2 Gaming iCX;35893;8;1784
EVGA GeForce GTX 1070 SC Gaming ACX 3.0;29400;8;1784
EVGA GeForce GTX 1070 SC Gaming ACX 3.0 Black Edition;33599;8;1784
EVGA GeForce GTX 1070 Ti FTW Ultra Silent;39899;8;1683
EVGA GeForce GTX 1070 Ti FTW2 Gaming iCX;37454;8;1683
EVGA GeForce GTX 1070 Ti Gaming;25899;8;1683
EVGA GeForce GTX 1070 Ti SC Gaming ACX 3.0 Black Edition;35237;8;1683
EVGA GeForce GTX 1070 Ti SC Hybrid;37974;8;1683
EVGA GeForce GTX 1080 Classified Gaming ACX 3.0;0;8;1860
EVGA GeForce GTX 1080 Founders Edition;48999;8;1733
EVGA GeForce GTX 1080 FTW DT Gaming ACX 3.0;37099;8;1733
EVGA GeForce GTX 1080 FTW Gaming ACX 3.0;59500;8;1860
EVGA GeForce GTX 1080 FTW Hybrid Gaming;42699;8;1860
EVGA GeForce GTX 1080 FTW2 Gaming iCX;39830;8;1860
EVGA GeForce GTX 1080 Gaming;30099;8;1733
EVGA GeForce GTX 1080 Hybrid Gaming;0;8;1847
EVGA GeForce GTX 1080 SC 2 Gaming iCX;44099;8;1847
EVGA GeForce GTX 1080 SC Gaming ACX 3.0;44099;8;1847
EVGA GeForce GTX 1080 Ti Founders Edition;0;11;1582
EVGA GeForce GTX 1080 Ti FTW3 12 Gbps Elite;0;11;1683
EVGA GeForce GTX 1080 Ti FTW3 Gaming iCX;55299;11;1683
EVGA GeForce GTX 1080 Ti FTW3 Hybrid Gaming;55999;11;1683
EVGA GeForce GTX 1080 Ti Gaming;0;11;1582
EVGA GeForce GTX 1080 Ti K|NGP|N Gaming;0;11;1695
EVGA GeForce GTX 1080 Ti SC Black Edition iCX;55299;11;1670
EVGA GeForce GTX 1080 Ti SC2 Gaming iCX;53899;11;1670
EVGA GeForce GTX 1080 Ti SC2 Hybrid Gaming iCX;54592;11;1670
EVGA GeForce GTX 1650 KO Ultra Gaming;12319;4;1740
EVGA GeForce GTX 1650 SC Ultra Gaming;12599;4;1860
EVGA GeForce GTX 1650 SC Ultra Gaming GDDR6;12949;4;1710
EVGA GeForce GTX 1650 Super SC Ultra;13999;4;1755
EVGA GeForce GTX 1660 SC Ultra Gaming;17499;6;1830
EVGA GeForce GTX 1660 Super Black Gaming;16799;6;1785
EVGA GeForce GTX 1660 Super SC Ultra;17499;6;1830
EVGA GeForce GTX 1660 Super SC Ultra Black;16799;6;1785
EVGA GeForce GTX 1660 Ti SC Ultra Gaming;20999;6;1830
EVGA GeForce GTX 1660 Ti XC Black Gaming;19599;6;1770
EVGA GeForce GTX 1660 Ti XC Gaming;18899;6;1845
EVGA GeForce GTX 1660 XC;16099;6;1830
EVGA GeForce GTX 1660 XC Black;14849;6;1785
EVGA GeForce GTX 1660 XC Ultra;17088;6;1845
EVGA GeForce GTX 670 FTW;0;2;1084
EVGA GeForce GTX 680;0;2;1058
EVGA GeForce GTX 750 Superclocked;9099;1;1294
EVGA GeForce RTX 2060 KO Gaming;21116;6;1680
EVGA GeForce RTX 2060 KO Ultra Gaming;18199;6;1755
EVGA GeForce RTX 2060 SC Black Gaming;0;6;1680
EVGA GeForce RTX 2060 SC Gaming;20579;6;1710
EVGA GeForce RTX 2060 Super SC Black;27999;8;1650
EVGA GeForce RTX 2060 Super SC Ultra Gaming;29399;8;1680
EVGA GeForce RTX 2060 Super XC Gaming;32199;8;1695
EVGA GeForce RTX 2060 Super XC Ultra Gaming;32899;8;1695
EVGA GeForce RTX 2060 XC Black Gaming;23869;6;1680
EVGA GeForce RTX 2060 XC Gaming;25269;6;1755
EVGA GeForce RTX 2060 XC Ultra Black Gaming;27299;6;1680
EVGA GeForce RTX 2060 XC Ultra Gaming;26599;6;1830
EVGA GeForce RTX 2070 Black Edition;34796;8;1620
EVGA GeForce RTX 2070 Super Black Gaming;36399;8;1770
EVGA GeForce RTX 2070 Super FTW3 Ultra Gaming;40843;8;1815
EVGA GeForce RTX 2070 Super FTW3 Ultra+;44099;8;1815
EVGA GeForce RTX 2070 Super Gaming;37099;8;1770
EVGA GeForce RTX 2070 Super KO Gaming;36749;8;1770
EVGA GeForce RTX 2070 Super XC Gaming;37799;8;1800
EVGA GeForce RTX 2070 Super XC Hybrid Gaming;41999;8;1800
EVGA GeForce RTX 2070 Super XC Ultra Gaming;39899;8;1800
EVGA GeForce RTX 2070 Super XC Ultra+;41299;8;1800
EVGA GeForce RTX 2070 XC;34999;8;1710
EVGA GeForce RTX 2070 XC Ultra;41999;8;1725
EVGA GeForce RTX 2080 Super Black Gaming;50399;8;1815
EVGA GeForce RTX 2080 Super FTW3 Hybrid;55299;8;1845
EVGA GeForce RTX 2080 Super FTW3 Hydro Copper Gaming;61599;8;1845
EVGA GeForce RTX 2080 Super FTW3 Ultra Gaming;54599;8;1845
EVGA GeForce RTX 2080 Super KO Gaming;51099;8;1815
EVGA GeForce RTX 2080 Super XC Gaming;52499;8;1830
EVGA GeForce RTX 2080 Super XC Hybrid Gaming;55299;8;1830
EVGA GeForce RTX 2080 Super XC Ultra Gaming;53068;8;1845
EVGA GeForce RTX 2080 Ti;91699;11;1545
EVGA GeForce RTX 2080 Ti Black Edition Gaming;79799;11;1545
EVGA GeForce RTX 2080 Ti FTW3 Gaming iCX;0;11;1545
EVGA GeForce RTX 2080 Ti FTW3 Hydro Copper iCX;111999;11;1683
EVGA GeForce RTX 2080 Ti FTW3 Ultra Gaming iCX;104930;11;1755
EVGA GeForce RTX 2080 Ti FTW3 Ultra Hybrid Gaming;104999;11;1755
EVGA GeForce RTX 2080 Ti K|NGP|N Gaming;132999;11;1770
EVGA GeForce RTX 2080 Ti XC;86099;11;1635
EVGA GeForce RTX 2080 Ti XC Black Edition Gaming;0;11;1560
EVGA GeForce RTX 2080 Ti XC Hybrid Gaming;97999;11;1635
EVGA GeForce RTX 2080 Ti XC Ultra;87290;11;1650
EVGA GeForce RTX 2080 Ti XC2 Ultra Gaming;86449;11;1650
EVGA GeForce RTX 2080 XC;48999;8;0
EVGA GeForce RTX 2080 XC Ultra;55999;8;0
EVGA GeForce RTX 3080 FTW3 Ultra Gaming;90999;12;0
EVGA GeForce RTX 3080 FTW3 Ultra Hydro Copper;0;10;1800
EVGA GeForce RTX 3080 Ti FTW3 Ultra Hydro Copper Gaming;0;12;1800
EVGA GeForce RTX 3080 Ti XC3 Ultra Hydro Copper Gaming;0;12;1725
EVGA GeForce RTX 3080 XC3 Ultra Gaming;0;12;0
EVGA GeForce RTX 3090 FTW3 Ultra Hydro Copper;0;24;1800
EVGA GT 720 Low Profile;0;1;797
EVGA GTX 460 Superclocked EE;0;1;763
EVGA GTX 550 Ti;0;1;900
EVGA GTX 560 Superclocked;0;1;851
EVGA GTX 560 Ti FPB;0;1;850
EVGA GTX 650;0;1;1058
EVGA GTX 650 Ti 2 GB;0;2;928
EVGA GTX 660 Superclocked;17149;2;1110
Gainward GeForce GTX 1060;0;6;1708
Gainward GeForce GTX 1060;0;3;1708
Gainward GeForce GTX 1060 Phoenix;0;6;1708
Gainward GeForce GTX 1060 Phoenix GS;0;6;1847
Gainward GeForce GTX 1070 Dual;0;8;1683
Gainward GeForce GTX 1070 Phoenix;0;8;1683
Gainward GeForce GTX 1070 Phoenix GLH;0;8;1873
Gainward GeForce GTX 1070 Phoenix GS;0;8;1835
Gainward GeForce GTX 1080 Phoenix;0;8;1733
Gainward GeForce GTX 1080 Phoenix GLH;0;8;1885
Gainward GeForce GTX 1080 Phoenix GS;0;8;1847
Gainward GeForce GTX 1080 Ti Founders Edition;0;11;1582
Gainward GeForce GTX 1080 Ti Golden Sample;0;11;1620
Gainward GeForce GTX 1660 Ti Pegasus 6G;0;6;1770
Gainward GeForce GTX 1660 Ti Pegasus OC 6G;0;6;1815
Gainward GeForce RTX 2060 Phoenix GS;0;6;1830
Gainward GeForce RTX 2070 Phoenix;0;8;1650
Gainward GeForce RTX 2070 Phoenix GS;0;8;1725
Gainward GeForce RTX 2080 Phoenix GS;0;8;1815
Gainward GeForce RTX 2080 Ti Phoenix;0;11;1545
Gainward GeForce RTX 2080 Ti Phoenix GS;0;11;1650
Galax RTX 2060 OC;0;6;1695
Gigabyte Aorus GeForce GTX 1660 Ti 6G;21699;6;1890
Gigabyte Aorus GeForce RTX 2060 Super;23939;8;1845
Gigabyte Aorus GeForce RTX 2060 Xtreme 6G;27999;6;1845
Gigabyte Aorus GeForce RTX 2070 Super;32619;8;1905
Gigabyte Aorus GeForce RTX 2070 Super Gaming OC;31289;8;1815
Gigabyte Aorus GeForce RTX 2080 Super;53899;8;1860
Gigabyte Aorus GeForce RTX 2080 Super Waterforce;58799;8;1860
Gigabyte Aorus GeForce RTX 2080 Super Waterforce WB;53199;8;1860
Gigabyte Aorus GeForce RTX 2080 Ti 1;97874;11;1695
Gigabyte Aorus GeForce RTX 2080 Ti Xtreme 1;69999;11;1770
Gigabyte Aorus GeForce RTX 2080 Ti Xtreme Waterforce 1;70489;11;1770
Gigabyte Aorus GeForce RTX 2080 Ti Xtreme Waterforce WB 1;94499;11;1770
Gigabyte Aorus GeForce RTX 3080 Master 12G LHR;0;12;1830
Gigabyte Aorus GeForce RTX 3080 Xtreme Waterforce 10G LHR;0;10;1845
Gigabyte Aorus GeForce RTX 3080 Xtreme Waterforce 12G LHR;0;12;1830
Gigabyte Aorus GeForce RTX 3080 Xtreme Waterforce WB 10G LHR;64049;10;1845
Gigabyte Aorus GeForce RTX 3080 Xtreme Waterforce WB 12G LHR;0;12;1830
Gigabyte Aorus GeForce RTX 3090 Ti Xtreme Waterforce;0;24;1935
GIGABYTE Aorus GeForce RTX 4070 Ti Elite;0;12;2655
GIGABYTE Aorus GeForce RTX 4070 Ti Master;69999;12;2670
GIGABYTE Aorus GeForce RTX 4080 Master;94499;16;2550
GIGABYTE Aorus GeForce RTX 4080 Xtreme Waterforce;0;16;2565
GIGABYTE Aorus GeForce RTX 4080 Xtreme Waterforce WB;0;16;2565
Gigabyte Aorus Radeon RX 5700 XT;33599;8;2010
Gigabyte Aorus Radeon RX 6900 XT Xtreme Waterforce WB;0;16;2525
GIGABYTE Aorus Radeon RX 7900 XTX Elite;0;24;2680
Gigabyte GeForce GT 1030;7699;2;1468
Gigabyte GeForce GT 1030 Low Profile D4;4619;2;1379
Gigabyte GeForce GT 1030 OC 2G;6509;2;1518
Gigabyte GeForce GT 1030 Silent;4969;2;1468
Gigabyte GeForce GT 610 Silent;0;1;810
Gigabyte GeForce GTX 1050;8399;2;1455
Gigabyte GeForce GTX 1050 OC;9099;2;1468
Gigabyte GeForce GTX 1050 Ti;11199;4;1392
Gigabyte GeForce GTX 1050 Ti G1 Gaming;13299;4;1480
Gigabyte GeForce GTX 1050 Ti OC;11899;4;1417
Gigabyte GeForce GTX 1050 Ti WindForce 2X OC;13299;4;1442
Gigabyte GeForce GTX 1050 WindForce 2X;11199;2;1506
Gigabyte GeForce GTX 1060 Aorus 6G 9 Gbps;0;6;0
Gigabyte GeForce GTX 1060 Aorus Xtreme 6G;25199;6;0
Gigabyte GeForce GTX 1060 G1 Gaming;10499;6;1809
Gigabyte GeForce GTX 1060 G1 Gaming;10499;3;1809
Gigabyte GeForce GTX 1060 Mini ITX OC 6G;20999;6;1746
Gigabyte GeForce GTX 1060 OC WindForce 2X;15469;3;1771
Gigabyte GeForce GTX 1060 OC WindForce 2X;20999;6;1771
Gigabyte GeForce GTX 1060 Xtreme Gaming;21349;6;1847
Gigabyte GeForce GTX 1070 Aorus Gaming Box;41999;8;1721
Gigabyte GeForce GTX 1070 Founders Edition;29638;8;1683
Gigabyte GeForce GTX 1070 G1 Gaming;22399;8;1784
Gigabyte GeForce GTX 1070 Mini ITX OC;30763;8;1721
Gigabyte GeForce GTX 1070 OC WindForce 2X;23099;8;1746
Gigabyte GeForce GTX 1070 Ti Aorus 8G;35462;8;1683
Gigabyte GeForce GTX 1070 Ti Gaming 8G;29399;8;1683
Gigabyte GeForce GTX 1070 Xtreme Gaming;0;8;1873
Gigabyte GeForce GTX 1080 Aorus 8G;53841;8;1847
Gigabyte GeForce GTX 1080 Aorus Xtreme 8G;55878;8;1898
Gigabyte GeForce GTX 1080 Aorus Xtreme 8G 11 Gbps;0;8;1898
Gigabyte GeForce GTX 1080 G1 Gaming;52430;8;1860
Gigabyte GeForce GTX 1080 Mini ITX 8G;30763;8;1607
Gigabyte GeForce GTX 1080 Ti Aorus 11G;70907;11;1683
Gigabyte GeForce GTX 1080 Ti Aorus Xtreme 11G;70699;11;1721
Gigabyte GeForce GTX 1080 Ti Founders Edition;51797;11;1582
Gigabyte GeForce GTX 1080 Ti Gaming OC;51799;11;1632
Gigabyte GeForce GTX 1080 Ti Gaming OC Black;50399;11;1632
Gigabyte GeForce GTX 1080 Ti Turbo;58799;11;1582
Gigabyte GeForce GTX 1080 Ti Waterforce W Xtreme 11G;67199;11;1721
Gigabyte GeForce GTX 1080 WindForce OC 8G;38031;8;1860
Gigabyte GeForce GTX 1080 Xtreme Gaming Premium Pack;59430;8;1898
Gigabyte GeForce GTX 1080 Xtreme Gaming Water Cooling;38499;8;1898
Gigabyte GeForce GTX 1650 D6 OC;11899;4;1635
Gigabyte GeForce GTX 1650 D6 WindForce OC;17499;4;1650
Gigabyte GeForce GTX 1650 Gaming OC 4G (Rev. 2.0);0;4;1860
Gigabyte GeForce GTX 1650 Mini ITX OC 4G, 4096 MB GDDR5;10499;4;1680
Gigabyte GeForce GTX 1650 OC 4G, 4096 MB GDDR5;7349;4;1710
Gigabyte GeForce GTX 1650 Super OC;10639;4;1740
Gigabyte GeForce GTX 1650 WindForce OC 4G, 4096 MB GDDR5;9099;4;1785
Gigabyte GeForce GTX 1660 Gaming;16799;6;1785
Gigabyte GeForce GTX 1660 Gaming OC;16799;6;1860
Gigabyte GeForce GTX 1660 OC;16099;6;1830
Gigabyte GeForce GTX 1660 Super Gaming OC;17499;6;0
Gigabyte GeForce GTX 1660 Super OC;16799;6;0
Gigabyte GeForce GTX 1660 Ti Gaming OC 6G;20999;6;1860
Gigabyte GeForce GTX 1660 Ti Mini ITX OC 6G;19599;6;1785
Gigabyte GeForce GTX 1660 Ti OC 6G;19599;6;1800
Gigabyte GeForce GTX 1660 Ti WindForce OC 6G;16799;6;1845
Gigabyte GeForce GTX 690;0;4;915
Gigabyte GeForce RTX 2060 D6;18199;6;1680
Gigabyte GeForce RTX 2060 Gaming OC 6G;26599;6;1830
Gigabyte GeForce RTX 2060 Gaming OC Pro 6G;27299;6;1830
Gigabyte GeForce RTX 2060 Mini ITX OC 6G;24499;6;1695
Gigabyte GeForce RTX 2060 OC 6G;20299;6;1755
Gigabyte GeForce RTX 2060 Super Gaming OC;24639;8;1815
Gigabyte GeForce RTX 2060 Super Gaming OC 3X 8G White;25199;8;1815
Gigabyte GeForce RTX 2060 Super Gaming OC 3X White 8G (Rev. 2.0);0;8;1710
Gigabyte GeForce RTX 2060 Super WindForce OC;27999;8;1860
Gigabyte GeForce RTX 2060 WindForce OC 6G;19319;6;1770
Gigabyte GeForce RTX 2070 Super Gaming OC 3X;34999;8;1815
Gigabyte GeForce RTX 2070 Super Gaming OC 3X 8G White;31569;8;1815
Gigabyte GeForce RTX 2070 Super Windforce OC 3X;34999;8;1785
Gigabyte GeForce RTX 2070 Windforce 2X 8G 3.;25199;8;1620
Gigabyte GeForce RTX 2080 Gaming OC;36049;8;0
Gigabyte GeForce RTX 2080 Super Gaming OC;41999;8;1845
Gigabyte GeForce RTX 2080 Super Gaming OC Waterforce WB;42559;8;1845
Gigabyte GeForce RTX 2080 Super Gaming OC White;41999;8;1845
Gigabyte GeForce RTX 2080 Super Turbo;82;8;1815
Gigabyte GeForce RTX 2080 Ti Gaming OC;69999;11;1650
Gigabyte GeForce RTX 2080 Ti Turbo 11G (rev. 2.0);0;11;1545
Gigabyte GeForce RTX 2080 Ti Turbo OC 1;0;11;1620
Gigabyte GeForce RTX 2080 Ti Turbo OC 11G (Rev. 2.0);74899;11;1545
Gigabyte GeForce RTX 2080 Ti WindForce 1;62509;11;1545
Gigabyte GeForce RTX 2080 Ti WindForce OC 11G;62509;11;0
Gigabyte GeForce RTX 2080 WindForce OC 8G;55299;8;0
GIGABYTE GeForce RTX 3060 Windforce OC;25899;12;1792
Gigabyte GeForce RTX 3080 Eagle;69999;12;0
Gigabyte GeForce RTX 3080 Gaming OC;55999;12;0
GIGABYTE GeForce RTX 4070 Ti Aero OC;62999;12;2640
GIGABYTE GeForce RTX 4070 Ti Eagle;0;12;2610
GIGABYTE GeForce RTX 4070 Ti Gaming OC;59499;12;2640
GIGABYTE GeForce RTX 4080 Aero OC;90999;16;2535
GIGABYTE GeForce RTX 4080 Eagle;83930;16;2505
GIGABYTE GeForce RTX 4080 Eagle OC;86799;16;2520
GIGABYTE GeForce RTX 4080 Gaming OC;88899;16;2535
Gigabyte GT 730;3499;2;902
GIGABYTE GTX 770 WindForce 3X OC;0;4;1189
Gigabyte GTX 980 Ti Gaming G1;0;6;1279
Gigabyte HD 7950 Windforce;0;3;900
Gigabyte HD 7970 Windforce 3X OC;0;3;1000
Gigabyte Radeon HD 7990;0;3;950
Gigabyte Radeon RX 460 WindForce OC 2G;10411;2;1210
Gigabyte Radeon RX 460 WindForce OC 4G;12061;4;1212
Gigabyte Radeon RX 550 2G;5249;2;0
Gigabyte Radeon RX 550 Gaming OC 2G;5319;2;0
Gigabyte Radeon RX 5500 XT Gaming OC;12319;8;1845
Gigabyte Radeon RX 5500 XT Gaming OC;12669;4;1845
Gigabyte Radeon RX 5500 XT OC;12599;4;1845
Gigabyte Radeon RX 5500 XT OC;13999;8;1845
Gigabyte Radeon RX 560 Gaming OC 2G;6299;2;0
Gigabyte Radeon RX 560 Gaming OC 4G;5949;4;0
Gigabyte Radeon RX 560 OC 4G;9672;4;0
Gigabyte Radeon RX 5600 XT Gaming OC;18899;6;1620
Gigabyte Radeon RX 5600 XT Windforce OC;17289;6;0
Gigabyte Radeon RX 570 Aorus 4G;10009;4;1280
Gigabyte Radeon RX 570 Gaming 4G;7699;4;1244
Gigabyte Radeon RX 5700;24499;8;1725
Gigabyte Radeon RX 5700 Gaming OC;20299;8;1750
Gigabyte Radeon RX 5700 XT;24499;8;1905
Gigabyte Radeon RX 5700 XT Gaming OC;27299;8;1905
Gigabyte Radeon RX 5700 XT Gaming OC Rev 2.0;0;8;1905
Gigabyte Radeon RX 580 Aorus 4G;16099;4;1365
Gigabyte Radeon RX 580 Aorus 8G;20999;8;1365
Gigabyte Radeon RX 580 Aorus XTR 8G;0;8;0
Gigabyte Radeon RX 580 Gaming 4G;22399;4;1340
Gigabyte Radeon RX 580 Gaming 8G;10698;8;1340
Gigabyte Radeon RX 590 Gaming 8G (Rev. 2.0);10009;8;1545
Gigabyte Radeon RX 6400 D6 Low Profile;10499;4;2321
Gigabyte Radeon RX 6400 Eagle;10499;4;2321
GIGABYTE Radeon RX 7900 XT Gaming OC;69999;20;2535
GIGABYTE Radeon RX 7900 XTX Gaming OC;76999;24;2525
Gigabyte Radeon RX Vega 56 8G;36399;8;0
Gigabyte Radeon RX Vega 56 Gaming OC;15399;8;1501
Gigabyte Radeon RX Vega 64 8G;46309;8;0
Gigabyte Radeon RX Vega 64 Gaming OC;25969;8;1560
Gigabyte Radeon RX Vega 64 Silver 8G;0;8;0
Gigabyte Radeon RX Vega 64 Watercooling 8G;67284;8;0
Gigabyte Radeon VII;48999;16;1750
GTX 780 iChill HerculeZ X3;0;3;1046
HIS Radeon R7 240 iCooler;0;2;730
INNO3D GeForce GT 1030 0dB;0;2;1468
INNO3D GeForce GTX 1050 Compact Single Slot;0;2;1455
INNO3D GeForce GTX 1050 Compact X1;0;2;1455
INNO3D GeForce GTX 1050 Ti Compact Single Slot;0;4;1392
INNO3D GeForce GTX 1050 Ti Compact X1;18204;4;1392
INNO3D GeForce GTX 1050 Ti Twin X2;16977;4;1392
INNO3D GeForce GTX 1060 Gaming OC X2;0;6;1784
INNO3D GeForce GTX 1060 iChill Black Edition;0;6;1784
INNO3D GeForce GTX 1060 iChill X3;0;3;1784
INNO3D GeForce GTX 1060 iChill X3;0;6;1784
INNO3D GeForce GTX 1060 iChill X3 OC 9 Gbps;0;6;1784
INNO3D GeForce GTX 1060 iChill X3 V2;0;6;1771
INNO3D GeForce GTX 1060 Twin X2;0;6;1708
INNO3D GeForce GTX 1060 Twin X2;0;3;1708
INNO3D GeForce GTX 1070 Gaming OC;0;8;1746
INNO3D GeForce GTX 1070 iChill X3;0;8;1822
INNO3D GeForce GTX 1070 iChill X4;0;8;1822
INNO3D GeForce GTX 1070 Ti iChill X3;0;8;1683
INNO3D GeForce GTX 1070 Ti iChill X4;0;8;1683
INNO3D GeForce GTX 1070 Ti Jet-Fan;0;8;1683
INNO3D GeForce GTX 1070 Ti Twin X2;0;8;1683
INNO3D GeForce GTX 1070 Twin X2;0;8;1683
INNO3D GeForce GTX 1080 Founders Edition;0;8;1733
INNO3D GeForce GTX 1080 Gaming OC;0;8;1847
INNO3D GeForce GTX 1080 iChill Black Edition;0;8;1898
INNO3D GeForce GTX 1080 iChill X3;0;8;1898
INNO3D GeForce GTX 1080 iChill X3 11 Gbps;0;8;0
INNO3D GeForce GTX 1080 iChill X4;0;8;1898
INNO3D GeForce GTX 1080 iChill X4 11 Gbps;0;8;0
INNO3D GeForce GTX 1080 Ti Founders Edition;0;11;1582
INNO3D GeForce GTX 1080 Ti Gaming OC;0;11;1670
INNO3D GeForce GTX 1080 Ti iChill Black Edition;0;11;1721
INNO3D GeForce GTX 1080 Ti iChill X3;0;11;1683
INNO3D GeForce GTX 1080 Ti iChill X3 Ultra;0;11;1721
INNO3D GeForce GTX 1080 Ti iChill X4;0;11;1683
INNO3D GeForce GTX 1080 Ti iChill X4 Ultra;0;11;1721
INNO3D GeForce GTX 1080 Ti Twin X2;0;11;1582
INNO3D GeForce GTX 1650 Compact;0;4;1590
INNO3D GeForce GTX 1650 Super Compact X;0;4;1725
INNO3D GeForce GTX 1650 Super Twin X2 OC;0;4;1755
INNO3D GeForce GTX 1650 Twin X2 OC;0;4;1620
INNO3D GeForce GTX 1660 Super Compact;0;6;1785
INNO3D GeForce GTX 1660 Super Twin X2;0;6;1785
INNO3D GeForce GTX 1660 Ti Twin X2;0;6;1770
INNO3D GeForce GTX 1660 Twin X2 LHR;0;6;1785
INNO3D GeForce RTX 2060 Super Compact X;0;8;1650
INNO3D GeForce RTX 2060 Super iChill X3 Ultra;0;8;1695
INNO3D GeForce RTX 2060 Super Twin X2 OC;0;8;1665
INNO3D GeForce RTX 2060 Twin X2;0;6;1680
INNO3D GeForce RTX 2070 Super iChill Black;0;8;1905
INNO3D GeForce RTX 2070 Super iChill Frostbite;0;8;1905
INNO3D GeForce RTX 2070 Super iChill X3 Ultra;0;8;1905
INNO3D GeForce RTX 2070 Super Jet;0;8;1770
INNO3D GeForce RTX 2070 Super Twin X2 OC;0;8;1785
INNO3D GeForce RTX 2070 Twin X2;0;8;1620
INNO3D GeForce RTX 2070 X2 OC;0;8;1755
INNO3D GeForce RTX 2080 Super iChill Black Edition;0;8;1845
INNO3D GeForce RTX 2080 Super iChill Frostbite;0;8;1845
INNO3D GeForce RTX 2080 Super iChill X3 Ultra;0;8;1845
INNO3D GeForce RTX 2080 Ti Gaming OC X;0;11;1635
INNO3D GeForce RTX 2080 Ti iChill Black Edition;0;11;1695
INNO3D GeForce RTX 2080 Ti iChill Frostbite;0;11;1695
INNO3D GeForce RTX 2080 Ti Jet;0;11;1545
INNO3D GeForce RTX 2080 Ti Twin X;0;11;1545
INNO3D GeForce RTX 2080 Ti X2 OC;0;11;1590
INNO3D GeForce RTX 2080 X2 OC;0;8;0
INNO3D GeForce RTX 3080 iChill Black LHR;0;10;1770
INNO3D GeForce RTX 3080 iChill X4 LHR;0;12;0
INNO3D GeForce RTX 4070 Ti iChill X3;0;12;2670
INNO3D GeForce RTX 4070 Ti X3;0;12;2610
INNO3D GeForce RTX 4070 Ti X3 OC;0;12;2640
INNO3D GeForce RTX 4080 iChill Frostbite;0;16;2565
INNO3D GeForce RTX 4080 iChill X3;0;16;2565
INNO3D GeForce RTX 4080 X3;0;16;2505
Intel Arc A750 Limited Edition;0;8;2050
Intel Arc A770 Limited Edition;24430;16;2100
KFA2 GeForce GTX 1050 Ti OC;0;4;1417
KFA2 GeForce GTX 1060 EXOC;0;6;1759
KFA2 GeForce GTX 1060 OC;0;6;1733
KFA2 GeForce GTX 1060 OC;0;3;1733
KFA2 GeForce GTX 1070 EXOC Sniper Black;0;8;1784
KFA2 GeForce GTX 1070 Hall of Fame Edition;0;8;1822
KFA2 GeForce GTX 1070 Katana Single Slot;0;8;1708
KFA2 GeForce GTX 1070 OC Mini;0;8;1708
KFA2 GeForce GTX 1080 EXOC;0;8;1797
KFA2 GeForce GTX 1080 Hall of Fame Edition;0;8;1873
KFA2 GeForce GTX 1080 Ti;0;11;1582
KFA2 GeForce GTX 1080 Ti EXOC;0;11;1645
KFA2 GeForce GTX 1080 Ti Hall Of Fame;0;11;1683
MSI GeForce GT 1030 2GH LP OC;0;2;1518
MSI GeForce GT 1030 2GHD4 LP OC;0;2;1430
MSI GeForce GT 1030 Aero ITX 2GD4 OC;0;2;1518
MSI GeForce GT 710 LP Passiv;0;2;954
MSI GeForce GTX 1050 2G OC;0;2;1518
MSI GeForce GTX 1050 2GT LP;0;2;1455
MSI GeForce GTX 1050 2GT OC;0;2;1518
MSI GeForce GTX 1050 Gaming X 2G;0;2;1531
MSI GeForce GTX 1050 Ti 4G OC;0;4;1455
MSI GeForce GTX 1050 Ti 4GT LP;0;4;1392
MSI GeForce GTX 1050 Ti 4GT OC;13299;4;1455
MSI GeForce GTX 1050 Ti Gaming 4G;0;4;1417
MSI GeForce GTX 1050 Ti Gaming X 4G;16099;4;1468
MSI GeForce GTX 1060 6GT OCV1;0;6;1759
MSI GeForce GTX 1060 Aero ITX 3G OC;0;3;1759
MSI GeForce GTX 1060 Aero ITX 6G OC;0;6;1759
MSI GeForce GTX 1060 Armor 3G OCV1;0;3;1759
MSI GeForce GTX 1060 Armor 6G OCV1;0;6;1759
MSI GeForce GTX 1060 Gaming 6G;0;6;1746
MSI GeForce GTX 1060 Gaming X 3G;0;3;1809
MSI GeForce GTX 1060 Gaming X 6G;0;6;1809
MSI GeForce GTX 1060 Gaming X+ 6G 9 Gbps;0;6;1784
MSI GeForce GTX 1070 Aero ITX 8G OC;0;8;1721
MSI GeForce GTX 1070 Armor 8G OC;0;8;1721
MSI GeForce GTX 1070 Gaming 8G;0;8;1708
MSI GeForce GTX 1070 Gaming X 8G;0;8;1771
MSI GeForce GTX 1070 Gaming Z 8G;0;8;1835
MSI GeForce GTX 1070 Quick Silver 8G OC;0;8;1771
MSI GeForce GTX 1070 Sea Hawk X;0;8;1771
MSI GeForce GTX 1070 Ti Aero 8G;0;8;1683
MSI GeForce GTX 1070 Ti Armor 8G;0;8;1683
MSI GeForce GTX 1070 Ti Gaming 8G;0;8;1683
MSI GeForce GTX 1080 Aero 8G OC;0;8;1771
MSI GeForce GTX 1080 Armor 8G OC;0;8;1797
MSI GeForce GTX 1080 Founders Edition;0;8;1733
MSI GeForce GTX 1080 Gaming X 8G;0;8;1822
MSI GeForce GTX 1080 Gaming X+ 8G 11 Gbps;0;8;1822
MSI GeForce GTX 1080 Gaming Z 8G;0;8;1873
MSI GeForce GTX 1080 Sea Hawk X;0;8;1847
MSI GeForce GTX 1080 Ti Aero 11G OC;0;11;1680
MSI GeForce GTX 1080 Ti Armor 11G OC;0;11;1645
MSI GeForce GTX 1080 Ti Founders Edition;0;11;1582
MSI GeForce GTX 1080 Ti Gaming X 11G;64399;11;1657
MSI GeForce GTX 1080 Ti Gaming X Trio;0;11;1657
MSI GeForce GTX 1080 Ti Sea Hawk EK X;0;11;1657
MSI GeForce GTX 1080 Ti Sea Hawk X;0;11;1657
MSI GeForce GTX 1650 Aero ITX 4G OC;0;4;1620
MSI GeForce GTX 1650 Aero ITX OCV1;0;4;1620
MSI GeForce GTX 1650 Gaming X;0;4;1710
MSI GeForce GTX 1650 Gaming X 4G, 4096 MB GDDR5;11367;4;1860
MSI GeForce GTX 1650 Super Gaming X;0;4;1755
MSI GeForce GTX 1650 Ventus XS 4G OC;0;4;1620
MSI GeForce GTX 1650 Ventus XS OCV1;13188;4;1620
MSI GeForce GTX 1660 Gaming X;16449;6;1860
MSI GeForce GTX 1660 Super Aero ITX OC;0;6;1815
MSI GeForce GTX 1660 Super Gaming X;0;6;1830
MSI GeForce GTX 1660 Super Ventus XS OC;18899;6;1815
MSI GeForce GTX 1660 Ti Armor 6G OC;26971;6;1860
MSI GeForce GTX 1660 Ti Gaming X 6G;20999;6;1875
MSI GeForce GTX 1660 Ti Ventus XS 6G;18864;6;1830
MSI GeForce GTX 750 Ti 2GD5TLP;0;2;1085
MSI Geforce RTX 2060 Super Gaming X;0;8;1695
MSI GeForce RTX 2060 Ventus GP 6G OC;19920;6;1710
MSI GeForce RTX 2070 Aero 8G;0;8;1620
MSI GeForce RTX 2070 Armor 8G;0;8;1620
MSI GeForce RTX 2070 Armor 8G OC;0;8;1740
MSI GeForce RTX 2070 Gaming Z 8G;0;8;1710
MSI Geforce RTX 2070 Super Gaming X Trio;0;8;1800
MSI GeForce RTX 2080 Duke 8G OC;0;8;0
MSI GeForce RTX 2080 Gaming X Trio;0;8;0
MSI Geforce RTX 2080 Super Gaming X Trio;52499;8;1845
MSI GeForce RTX 2080 Ti Duke 11G OC;0;11;0
MSI GeForce RTX 2080 Ti Gaming X Trio;83230;11;0
MSI GeForce RTX 2080 Ti Gaming Z Trio;0;11;1755
MSI GeForce RTX 3060 Aero ITX 12G OC;25549;12;0
MSI GeForce RTX 3080 Gaming Z Trio 12GB LHR;55999;12;0
MSI GeForce RTX 3080 Suprim X 12G LHR;0;12;0
MSI GeForce RTX 3080 Ventus 3X Plus 12G OC LHR;53899;12;0
MSI GeForce RTX 4070 Ti Gaming X Trio;0;12;2760
MSI GeForce RTX 4070 Ti Suprim X;0;12;2790
MSI GeForce RTX 4080 Gaming X Trio;0;16;0
MSI GeForce RTX 4080 Suprim X;97299;16;0
MSI GeForce RTX 4080 Ventus 3X OC;0;16;2535
MSI GeForce RTX 4090 Ventus 3X 24G OC;0;24;2565
MSI GT 710 Low Profile;4830;2;954
MSI GTX 950 OC;0;2;1253
MSI R9 280X Gaming;0;3;1020
MSI R9 380 Gaming;0;4;1000
MSI Radeon RX 460 2G OC;0;2;1210
MSI Radeon RX 460 4G OC;0;4;1210
MSI Radeon RX 550 Aero ITX 2G OC;0;2;1203
MSI Radeon RX 5500 XT Gaming X;15399;8;1845
MSI Radeon RX 560 Aero ITX 4G OC;0;4;1196
MSI Radeon RX 5600 XT Gaming X;0;6;1620
MSI Radeon RX 5600 XT Mech OC;0;6;1620
MSI Radeon RX 570 Armor 4G OC;0;4;0
MSI Radeon RX 570 Gaming X 4G;0;4;0
MSI Radeon RX 5700;27299;8;1725
MSI Radeon RX 5700 XT;27299;8;1905
MSI Radeon RX 5700 XT Gaming X;28699;8;1980
MSI Radeon RX 580 Armor 4G OC;0;4;1366
MSI Radeon RX 580 Armor 8G OC;14699;8;1366
MSI Radeon RX 580 Gaming X 4G;0;4;1393
MSI Radeon RX 580 Gaming X 8G;0;8;1393
MSI Radeon RX 580 Gaming X+ 8G;0;8;0
MSI Radeon RX 6400 Aero ITX;9799;4;2321
MSI Radeon RX Vega 64 8G;0;8;0
MSI Radeon RX Vega 64 Wave 8G;0;8;0
MSI Radeon VII 16G;55178;16;1750
Palit GeForce GTX 1050 StormX;0;2;1455
Palit GeForce GTX 1050 Ti KalmX;0;4;1392
Palit GeForce GTX 1050 Ti StormX;0;4;1392
Palit GeForce GTX 1060 Dual;0;6;1708
Palit GeForce GTX 1060 Dual;0;3;1708
Palit GeForce GTX 1060 JetStream;0;6;1708
Palit GeForce GTX 1060 StormX;0;6;1708
Palit GeForce GTX 1060 Super JetStream;0;6;1847
Palit GeForce GTX 1060 Super JetStream;0;3;1847
Palit GeForce GTX 1070 Dual;0;8;1683
Palit GeForce GTX 1070 GameRock;0;8;1746
Palit GeForce GTX 1070 GameRock Premium Edition;0;8;1873
Palit GeForce GTX 1070 JetStream;0;8;1683
Palit GeForce GTX 1070 Super JetStream;0;8;1835
Palit GeForce GTX 1080 GameRock;0;8;1784
Palit GeForce GTX 1080 GameRock Premium Edition;0;8;1885
Palit GeForce GTX 1080 JetStream;0;8;1733
Palit GeForce GTX 1080 Super JetStream;0;8;1847
Palit GeForce GTX 1080 Ti Founders Edition;0;11;1582
Palit GeForce GTX 1080 Ti GameRock;0;11;1505
Palit GeForce GTX 1080 Ti GameRock Premium Edition;0;11;1556
Palit GeForce GTX 1080 Ti JetStream;0;11;1582
Palit GeForce GTX 1080 Ti Super JetStream;0;11;1645
Palit GeForce GTX 1660 Ti StormX 6G;0;6;1770
Palit GeForce GTX 1660 Ti StormX OC 6G;0;6;1815
Palit GeForce GTX 750 Ti KalmX;0;2;1085
Palit GeForce RTX 2070 Gaming Pro OC;0;8;1725
Palit GeForce RTX 2080 Gaming Pro;0;8;1710
Palit GeForce RTX 2080 Gaming Pro OC;0;8;1815
Palit GeForce RTX 2080 Ti Gaming Pro;0;11;1545
Palit GeForce RTX 2080 Ti Gaming Pro OC;0;11;1650
PNY GeForce GT 1030;0;2;1468
PNY GeForce GTX 1050 Ti XLR8 Gaming OC;0;4;0
PNY GeForce GTX 1050 Ti XLR8 OC Gaming;0;4;0
PNY GeForce GTX 1060 XLR8 Gaming OC;0;6;1797
PNY GeForce GTX 1070 XLR8 OC Gaming;0;8;1797
PNY GeForce GTX 1070 XLR8 OC Gaming Dual Fan;0;8;1708
PNY GeForce GTX 1080 Ti Custom Design;0;11;1582
PNY GeForce GTX 1080 Ti Founders Edition;0;11;1582
PNY GeForce GTX 1080 Ti XLR8 OC Gaming;0;11;1645
PNY GeForce GTX 1080 XLR8 OC Gaming;0;8;1848
PNY GeForce GTX 1660 Ti XLR8 Gaming OC;18199;6;1815
PNY GeForce RTX 2060 SUPER XRL8 OC Twin Fan;28699;8;1680
PNY GeForce RTX 2070 XLR8 Gaming OC;44099;8;1710
PNY GeForce RTX 2080 Ti Blower;80580;11;1545
PNY GeForce RTX 2080 Ti XLR8 Gaming OC;80430;11;1545
PNY GeForce RTX 2080 XLR8 Gaming OC Triple Fan;0;8;1710
PNY GeForce RTX 2080 XLR8 Gaming OC Twin Fan;52499;8;1710
PNY GeForce RTX 4080 XLR8 Gaming VERTO Edition;83999;16;2505
PNY GeForce RTX 4080 XLR8 Gaming VERTO OC Edition;86099;16;2550
PNY GeForce RTX 4080 XLR8 Gaming VERTO Triple Fan Edition;83999;16;2505
PowerColor R9 Fury X;0;4;1050
PowerColor Radeon RX 460 Red Dragon;0;4;1212
PowerColor Radeon RX 460 Red Dragon;0;2;1212
PowerColor Radeon RX 570 Red Devil;9309;4;1320
PowerColor Radeon RX 570 Red Dragon;9029;4;1250
PowerColor Radeon RX 5700 XT;26599;8;1905
PowerColor Radeon RX 580 Red Devil;16849;8;1380
PowerColor Radeon RX 580 Red Devil Golden Sample;19530;8;1425
PowerColor Radeon RX 580 Red Dragon;0;8;0
PowerColor Radeon RX 580 Red Dragon V2;11969;8;0
PowerColor Radeon RX Vega 64;0;8;0
PowerColor Radeon RX Vega 64 Limited Edition;0;8;0
PowerColor Radeon RX Vega 64 Liquid;0;8;0
PowerColor Radeon RX Vega 64 Red Devil;0;8;1607
PowerColor Radeon VII;48999;16;1750
Sapphire HD 5850 Toxic;0;1;765
Sapphire HD 6870 Toxic;0;1;970
Sapphire HD 7770 GHz Edition;0;1;1000
Sapphire HD 7870 GHDual-X OC;0;2;1050
Sapphire Nitro+ Radeon RX 5500 XT 8GB Special Edition;16730;8;1845
Sapphire Nitro+ Radeon RX 570 4G;15399;4;1340
Sapphire Nitro+ Radeon RX 570 8G;16561;8;1340
Sapphire Nitro+ Radeon RX 5700 XT;30099;8;2010
Sapphire Nitro+ Radeon RX 5700 XT 8G Special Edition;32199;8;0
Sapphire Nitro+ Radeon RX 5700 XT BE;0;8;1980
Sapphire Nitro+ Radeon RX 580 4G;12599;4;1411
Sapphire Nitro+ Radeon RX 580 8G;13999;8;1411
Sapphire Nitro+ Radeon RX 580 8G Limited Edition;0;8;1450
Sapphire Nitro+ Radeon RX 580 8G Special Edition;23099;8;1430
Sapphire Nitro+ Radeon RX 590 8G 50th Anniversary;16508;8;1560
Sapphire Nitro+ Radeon RX 590 8G G;0;8;1560
Sapphire Nitro+ Radeon RX 590 8G OC;0;8;1560
Sapphire Nitro+ Radeon RX 590 8G Special Edition;14699;8;1560
Sapphire Nitro+ Radeon RX 7900 XTX Vapor-X;0;24;0
Sapphire Nitro+ Radeon RX Vega 56;41999;8;1550
Sapphire Nitro+ Radeon RX Vega 64;57824;8;1580
Sapphire Pulse Radeon RX 550 2G;0;2;0
Sapphire Pulse Radeon RX 550 4G;6999;4;0
Sapphire Pulse Radeon RX 5500 XT;0;4;1845
Sapphire Pulse Radeon RX 5500 XT;16099;8;1845
Sapphire Pulse Radeon RX 560 14CU 2G;0;2;1266
Sapphire Pulse Radeon RX 560 16CU 2G;0;2;1300
Sapphire Pulse Radeon RX 560 16CU 4G;0;4;1300
Sapphire Pulse Radeon RX 5600 XT;20999;6;1620
Sapphire Pulse Radeon RX 570 4G;9799;4;1284
Sapphire Pulse Radeon RX 570 Mini 4G;13999;4;1244
Sapphire Pulse Radeon RX 5700;23799;8;1750
Sapphire Pulse Radeon RX 5700 XT;27999;8;1925
Sapphire Pulse Radeon RX 5700 XT BE;0;8;1925
Sapphire Pulse Radeon RX 580 4G;13857;4;0
Sapphire Pulse Radeon RX 580 8G;16799;8;1366
Sapphire Pulse Radeon RX 6400 Gaming;0;4;2321
Sapphire Pulse Radeon RX 6700 XT Gaming;0;12;2581
Sapphire Pulse Radeon RX Vega 56;25830;8;1512
Sapphire R7 260X ;0;2;1050
Sapphire R7 370 Nitro;0;4;985
Sapphire R9 290;0;4;947
Sapphire R9 290X Tri-X OC;0;4;1040
Sapphire R9 Fury Nitro;0;4;1020
Sapphire R9 Nano;0;4;1000
Sapphire R9 Nitro 390;0;8;1040
Sapphire Radeon HD 5770 Eyefinity;0;1;800
Sapphire Radeon HD 5870 Toxic;0;2;925
Sapphire Radeon HD 5970;0;2;725
Sapphire Radeon HD 6850;0;1;725
Sapphire Radeon HD 6950;0;2;800
Sapphire Radeon HD 6970 Dual Fan;0;2;880
Sapphire Radeon HD 6990;0;2;830
Sapphire Radeon RX 460 2G;0;2;1210
Sapphire Radeon RX 460 Nitro 4G;0;4;1250
Sapphire Radeon RX 5700;23099;8;1725
Sapphire Radeon RX 5700 XT;27999;8;1905
Sapphire Radeon RX 7900 XT Gaming;0;20;2400
Sapphire Radeon RX Vega 56;0;8;0
Sapphire Radeon RX Vega 64;0;8;0
Sapphire Radeon RX Vega 64 Liquid Cooling;0;8;0
Sapphire Radeon VII;48999;16;1750
Sapphire Toxic Radeon RX 6900 XT AIO Cooled;105676;16;2365
XFX Double D HD 7850;0;2;860
XFX HD 7750;0;1;800
XFX HD 7790 OC;0;1;1075
XFX Radeon RX 460 Dual Fan;0;4;1220
XFX Radeon RX 460 Dual Fan;0;2;1220
XFX Radeon RX 460 Passive Heatsink Edition;0;2;1220
XFX Radeon RX 460 Passive Heatsink Edition;0;4;1220
XFX Radeon RX 460 Single Fan;0;2;1220
XFX Radeon RX 460 Single Fan;8971;4;1220
XFX Radeon RX 460 Single Slot;0;2;1220
XFX Radeon RX 460 Single Slot;0;4;1220
XFX Radeon RX 550 Single Fan;6775;2;0
XFX Radeon RX 550 Single Fan;8320;4;0
XFX Radeon RX 570 RS Core Edition;18199;4;0
XFX Radeon RX 580 GTR-S Black Edition;0;8;1450
XFX Radeon RX 580 GTS Black Edition;15328;8;1425
XFX Radeon RX 580 GTS Core Edition;10499;8;1386
XFX Radeon RX 580 GTS Core Edition;16118;4;1386
ZOTAC GAMING GeForce GTX 1650 OC, 4096 MB GDDR5;10009;4;1695
ZOTAC GAMING GeForce GTX 1650 Super Twin Fan;11199;4;1725
ZOTAC GAMING GeForce GTX 1660 AMP! Edition;16799;6;1845
ZOTAC GAMING GeForce GTX 1660 Super AMP! Edition;17499;6;0
ZOTAC GAMING GeForce GTX 1660 Super Twin Fan;24499;6;1785
ZOTAC GAMING GeForce GTX 1660 Ti;19599;6;1770
ZOTAC GAMING GeForce GTX 1660 Ti AMP!;20299;6;1860
ZOTAC GAMING GeForce GTX 1660 Twin Fan;16099;6;1785
ZOTAC GAMING GeForce RTX 2060;27533;6;1650
ZOTAC GAMING GeForce RTX 2060 AMP! Edition;25522;6;1800
ZOTAC GAMING GeForce RTX 2060 Super AMP! Edition;28629;8;1680
ZOTAC GAMING GeForce RTX 2060 Super AMP! Extreme Edition;30799;8;1680
ZOTAC GAMING GeForce RTX 2060 Super Mini Edition;29399;8;1650
ZOTAC GAMING GeForce RTX 2060 Twin Fan;24499;6;1680
ZOTAC GAMING GeForce RTX 2070 AMP! Edition;34999;8;0
ZOTAC GAMING GeForce RTX 2070 Super AMP! Edition;34999;8;1800
ZOTAC GAMING GeForce RTX 2070 Super AMP! Extreme Edition;0;8;1830
ZOTAC GAMING GeForce RTX 2070 Super Edition;34999;8;1800
ZOTAC GAMING GeForce RTX 2070 Super Mini Edition;34999;8;1770
ZOTAC GAMING GeForce RTX 2080 AMP! Edition;44799;8;0
ZOTAC GAMING GeForce RTX 2080 Blower;65435;8;0
ZOTAC GAMING GeForce RTX 2080 Super AMP;46619;8;1825
ZOTAC GAMING GeForce RTX 2080 Super AMP Extreme;0;8;1875
ZOTAC GAMING GeForce RTX 2080 Super Triple Fan;48999;8;1815
ZOTAC GAMING GeForce RTX 2080 Super Twin Fan;48579;8;1815
ZOTAC GAMING GeForce RTX 2080 Ti AMP! Edition;86449;11;1665
ZOTAC GAMING GeForce RTX 2080 Ti Arctic Storm. 11264 MB GDDR6;0;11;1575
ZOTAC GAMING GeForce RTX 2080 Ti Blower;125996;11;1545
ZOTAC GAMING GeForce RTX 2080 Ti Triple Fan;0;11;0
ZOTAC GAMING GeForce RTX 2080 Ti Twin Fan;80109;11;1545
ZOTAC GAMING GeForce RTX 3080 AMP Holo LHR;0;12;0
ZOTAC GAMING GeForce RTX 3080 AMP! Extreme Holo LHR;0;12;0
ZOTAC GAMING GeForce RTX 3080 Trinity LHR;0;12;0
ZOTAC GAMING GeForce RTX 3080 Trinity OC LHR;0;12;0
ZOTAC Gaming GeForce RTX 4070 Ti AMP Extreme Airo;61599;12;2700
ZOTAC Gaming GeForce RTX 4070 Ti Trinity;0;12;2610
ZOTAC Gaming GeForce RTX 4070 Ti Trinity OC;58099;12;2625
ZOTAC Gaming GeForce RTX 4080 AMP! Extreme Airo;86099;16;2565
ZOTAC Gaming GeForce RTX 4080 Trinity;0;16;2505
ZOTAC Gaming GeForce RTX 4080 Trinity OC;83930;16;2520
ZOTAC GeForce GT 1030;6999;2;1468
ZOTAC GeForce GTX 1050 Mini;11899;2;1455
ZOTAC GeForce GTX 1050 Ti Mini;10499;4;1417
ZOTAC GeForce GTX 1050 Ti OC;14889;4;1506
ZOTAC GeForce GTX 1060 AMP! Edition;20019;6;1771
ZOTAC GeForce GTX 1060 AMP!+ 9 Gbps;0;6;1835
ZOTAC GeForce GTX 1060 Mini;11899;3;1708
ZOTAC GeForce GTX 1060 Mini;11899;6;1708
ZOTAC GeForce GTX 1070 AMP! Extreme Edition;41535;8;1835
ZOTAC GeForce GTX 1070 Founders Edition;0;8;1683
ZOTAC GeForce GTX 1070 Mini;21699;8;1708
ZOTAC GeForce GTX 1070 Ti AMP! Edition;31759;8;1683
ZOTAC GeForce GTX 1070 Ti AMP! Extreme Edition;32125;8;1683
ZOTAC GeForce GTX 1070 Ti Mini;29537;8;1683
ZOTAC GeForce GTX 1080 AMP! Extreme Edition;0;8;1911
ZOTAC GeForce GTX 1080 AMP! Extreme+ 11 Gbps;43323;8;1911
ZOTAC GeForce GTX 1080 Founders Edition;38499;8;1733
ZOTAC GeForce GTX 1080 Mini;44099;8;1759
ZOTAC GeForce GTX 1080 Ti AMP! Edition;50399;11;1683
ZOTAC GeForce GTX 1080 Ti AMP! Extreme Core;48999;11;1721
ZOTAC GeForce GTX 1080 Ti AMP! Extreme Edition;59499;11;1759
ZOTAC GeForce GTX 1080 Ti Arctic Storm;0;11;1620
ZOTAC GeForce GTX 1080 Ti Arctic Storm Mini;0;11;1620
ZOTAC GeForce GTX 1080 Ti Blower;0;11;1582
ZOTAC GeForce GTX 1080 Ti Founders Edition;0;11;1582
ZOTAC GeForce GTX 1080 Ti Mini;56699;11;1620
